Review,AMBIENCE,QUALITY,PRICES,LOCATION,SERVICE
Manzara sahane evet ama servis rezalet.,1,0,0,0,1
"Soguk su isteyince, soguk yok, butun sulari disari cikardik diyen garson, siparisten tam 2 saat sonra gelen yemekler, yemegin yaninda soylenen roka ve pureden eser olmamasi, istedigimiz 2 mezenin de kalmamis olmasi.",0,0,0,0,1
"Yemekler iyi hos, lezzetler iyi ama heyecan verici bi taraflari yok, iyi bir baligi iyi bir sekilde izgara yapmak artik atla deve bi olay degil.",0,1,0,0,0
bu servise bu fiyatlar ise cok faZla.,0,0,1,0,0
Buraya bu kadar iyi yorum yapanlar her halde daha Ã¶nce hiÃ§ balik yemediler.,0,1,0,0,0
Kalamardan ve koladan Ã¶nce balik geldi ve apar topar Ã¶nÃ¼mÃ¼ze atildi.,0,0,0,0,1
ayrica gelen kalamar soguk ve sÃ¼nger gibiydi.,0,1,0,0,0
Kesinlikle ev yemegi degil - Bu kadar basarisiz ev yemekleri olmasina ragmen Ã¶gle saatlerinde ki yogunlugu Ã§Ã¶zebilmis degilim.,0,1,0,0,0
Ya insanlar gerÃ§ekten ev yemeginin nasil oldugunu bilmiyorlar.,0,1,0,0,0
1 kere denedigim fiyatlarinin yÃ¼ksek yemeklerinin lezzetsiz oldugu bir mekan Ã¶nermiyorum.,0,1,1,0,0
"mekanÄ±n giriÅŸinde kasap reyonu Ä±ÅŸÄ±ltÄ±lÄ±,sÄ±cak bir ortam yaratÄ±lmaya Ã§alÄ±ÅŸÄ±lmÄ±ÅŸ manzara olmadÄ±ÄŸÄ± iÃ§in bulunduÄŸu konumda pek samimi bulmadÄ±m.",1,0,0,0,0
garsonumuz ilgisizdi biz sÃ¶yledikce yaptÄ± buda benim restauranttan beklentimi zayÄ±flatÄ±yor.,0,0,0,0,1
lokumun daha iyisini yedim kÃ¼ÅŸleme gÃ¼zeldi.,0,1,0,0,0
2 sene Ã¶nce hÄ±zlÄ± bir kahvaltÄ± yapmak iÃ§in geldiÄŸimiz mekana dair hatÄ±rÄ±mda kalan 6 tl lik Ã§ayÄ± oldu:,0,0,1,0,0
) menÃ¼de dikkat etmemiÅŸtik ama hesap gelince ufak bir ÅŸok yaÅŸamÄ±ÅŸtÄ±kğŸ˜© gÃ¼zel olabilir ama kahvaltÄ±dan fazla Ã¶dediÄŸimiz Ã§ay yÃ¼zÃ¼nden bir daha uÄŸramadÄ±k.,0,0,1,0,0
ÅatobiryanÄ± Ã¶neririm.,0,1,0,0,0
Sosu tereyagli ve yumusak .,0,1,0,0,0
Sert et sevmeyenler icin cok lezzetliydi.,0,1,0,0,0
Guvecte yogurt ve salatayla iyi bir uclu oldu.,0,1,0,0,0
Servisi hizli valesi var.,0,0,0,0,1
Acik mekanda ise gardenya bolumu guzel.,1,0,0,0,0
Bugun Ã§alÄ±ÅŸan arkadasin yonlendirmesiyle siyah caylardan bourbon vanilla ictik.,0,1,0,0,0
Vanilya tadi gerÃ§ekten baya hissediliyodu ama ben beyaz caylarini daha cok begenmistim.,0,1,0,0,0
"Ortam gÃ¼zel,Ã¶zellikle rahat oturma kÃ¶ÅŸeleriğŸ‘Œ Esas kahve sever biri oldugum icin cok tercih ettigim mekan deÄŸil ama yine de arada degisiklik icin guzel olabilir.",1,0,0,0,0
BugÃ¼ne kadar dÄ±ÅŸarÄ±da yediÄŸim en lezzetli kurufasÃ¼lyeci.,0,1,0,0,0
"Fasulyesi aÄŸÄ±zda daÄŸÄ±lÄ±yor adeta, lokum gibi.",0,1,0,0,0
"PilavÄ± da Ã§ok lezzetli, mis gibi tereyaÄŸ kokuyor.",0,1,0,0,0
Finali sÃ¼tlaÃ§la yapmanÄ±zÄ± tavsiye ediyorum.,0,1,0,0,0
SÃ¼tlacÄ± da enfes.,0,1,0,0,0
"Hard Rock Cafe'de hiÃ§ sÄ±ra beklemeden oturmaya alÄ±ÅŸÄ±k deÄŸiliz ki biz, Avrupa veya Amerika'dakilerle aynÄ± duyguyu vermiyor bu sebeple ama lezzet tabii yine aynÄ±.",0,1,0,0,1
AtÄ±ÅŸtÄ±rmalÄ±k Jumbo Combo pek yummy!,0,1,0,0,0
Deniz Ã¼rÃ¼nleri Ã§ok baÅŸarÄ±lÄ±.,0,1,0,0,0
ManzarasÄ± zaten mÃ¼kemmel.,1,0,0,0,0
"BÃ¼tÃ¼n istanbul'un gÃ¼zelliÄŸini, yoÄŸunluÄŸunu hissediyorsun.",1,0,0,0,0
Onun dÄ±ÅŸÄ±nda pek Ã¶ÄŸrenci mekanÄ± deÄŸil.,1,0,0,0,0
"Ã–zel gÃ¼nlerde gidilecek, kÃ¼Ã§Ã¼k kutlamalar yapÄ±lacak bir yer",1,0,0,0,0
"RahatÃ§a sohbet edebilmek istiyorsanÄ±z, orta mÃ¼kemmel.",1,0,0,0,0
"Ã‡alan mÃ¼zik tam kÄ±vamÄ±nda, rahatsÄ±z etmiyor.",1,0,0,0,0
"Yemekleri Ã§ok lezzetli, manzara mÃ¼kemmel.",1,1,0,0,0
"ancak hesap biraz abartÄ±lÄ± geliyor, balÄ±k yemeden kiÅŸi baÅŸÄ± 100 liradan fazla Ã¶dedik, itiraz etmek gerekir.",0,0,1,0,0
Kalabalik zamanlarda servis fazlasiyla aksiyor.,0,0,0,0,1
"Bosken soylemis oldugum makarna ne kadar hizli geldiyse, mekanin dolmasiyla arkadasimin soylemis oldugu siparis unutuldu, defalarca hatirlatma yapmamiz gerekti.",0,0,0,0,1
Ayrica masalarin fazla ic ice olmasi zaman zaman rahatsiz olmaniza neden olabiliyor,1,0,0,0,0
"KÄ±ÅŸ aylarÄ±nda iÃ§erideki sÄ±cak ve loÅŸ Ä±ÅŸÄ±klÄ± ortamÄ±nda gÃ¼zel yemekler yiyebilir, yazÄ±n da dÄ±ÅŸarÄ±da o harika Ã§ilekli magnoliasÄ±ndan tadabilirsiniz.",1,1,0,0,0
Ä°Ã§inizi serinletecek enfes bir tat.,0,1,0,0,0
Garsonlar suratsiz.,0,0,0,0,1
Isletme sahibi kaba.,0,0,0,0,1
"YÄ±llarÄ±n Sampi'si, canÄ±m pide istediÄŸimde eve sipariÅŸ iÃ§in tercih ettiÄŸim yerlerdendir.",0,1,0,0,0
BeÅŸiktaÅŸ'ta tam otobÃ¼s duraklarÄ±nÄ±n arkasÄ±nda olmasÄ±ndan dolayÄ± ulaÅŸÄ±mÄ± Ã§ok kolay ve fiyatlarÄ± elbette Ã§ok makul.,0,0,0,1,0
Neyse tadÄ± paket servisten elbette Ã§ok daha iyidi neticede beklemeden yeme imkanÄ±nÄ±z var.,0,1,0,0,0
BeÅŸiktaÅŸ'Ä±n gÃ¶beÄŸinde.,0,0,0,1,0
"Pide lezzeti lafÄ±m yok, ama sipariÅŸ verirken bir arkadaÅŸÄ±mÄ±zÄ±n kenarlarÄ±nÄ± Ã§Ä±tÄ±r Ã§Ä±tÄ±r istemesini yanlÄ±ÅŸ anlamÄ±ÅŸ olacak ki, tÃ¼m sipariÅŸleri Ã§Ä±tÄ±r Ã§Ä±tÄ±r getirdi.",0,1,0,0,1
"SevmediÄŸimden yiyemedim kenarlarÄ±nÄ±, ama ortasÄ± pek lezizdi.",0,1,0,0,0
"BaÅŸlangÄ±Ã§ iÃ§in menÃ¼de baÅŸlangÄ±Ã§larda yer alan lahmacunun, ana yiyecek pideden daha geÃ§ gelecek olmasÄ± ise ayrÄ± bi durumdu tabii.",0,0,0,0,1
"Yemek yemek iÃ§in Ã§ok fazla vaktiniz yoksa, bÃ¼tÃ§eyi Ã§ok sarsmayalÄ±m, Ã§ok keyifli yemek yemesek de olur yeter ki karnÄ±mÄ±z doysun diye dÃ¼ÅŸÃ¼nenler iÃ§in Ã‡arÅŸÄ±'nÄ±n gÃ¶beÄŸinde Sampi gayet ideal.",0,1,1,0,0
"4 sicak iceceklerde servis agir, kahvalti icin tercih edilwbilir olsa da lezzete gore fiyat yuksek kaliyor.",0,1,1,0,1
Mutlaka bir hafta Ã¶nceden rezarvasyon yaptÄ±rÄ±n iyi bir rum meyhanesi yemekleri baÅŸarÄ±lÄ± olduÄŸu gibi ÅŸahane bir manzarasÄ± var bu mekanÄ±n en bÃ¼yÃ¼k olayÄ± sÃ¼rekli ikram yapmalarÄ±dÄ±r pahalÄ± olmasÄ±na raÄŸmen hak ediyor.,1,1,0,0,0
Mutlaka Ä±zgara mantar ve istakoz kavurma deneyin gittiÄŸim ve hiÃ§bir zaman piÅŸman olmadÄ±ÄŸÄ±m ender yerlerden biridir,0,1,0,0,0
Baliklarin yanina Rum ve ermeni mutfagindan mezelerde pek bir yakisiyor.,0,1,0,0,0
"kuskonmaz somon sarma,kagitta balik pastirma kesinlikle denenmeli.",0,1,0,0,0
Burada caylar harika!,0,1,0,0,0
Vanilla ve portakal aromasina doyamayacaginiz harika bir lezzet olmus.,0,1,0,0,0
Ortam muhabbet edebilmek icin gayet guzel fakat manzara beklentiniz var ise baska yeri tercih etmelisiniz.,1,0,0,0,0
"Ã–zellikle akÅŸamlarÄ± gidilmesini tavsiye ederim, kÃ¶prÃ¼nÃ¼n ve hisarÄ±n Ä±ÅŸÄ±klarÄ± yandÄ±ÄŸÄ±nda ayrÄ± bi zevki var.",1,0,0,0,0
Hemde canlÄ± mÃ¼zikle :,1,0,0,0,0
Buranin doneri dedikleri kadar efsane degil.,0,1,0,0,0
"Eti yagli , kokuyor, ince dilinmis ve en kotusu aradan 3 saat gecmesine ragmen migdem bulaniyor.",0,1,0,0,0
Ortami da begenmedim kalabalik 3. Sinif bir yer.,1,0,0,0,0
"Eti lezzetli, mekan gÃ¶steriÅŸli.",1,1,0,0,0
Ama sunum resmen sÄ±fÄ±r.,0,0,0,0,1
HavuÃ§ dilimi ise aÅŸÄ±rÄ± yaÄŸlÄ± ve ÅŸerbetli.,0,1,0,0,0
Pazar gÃ¼nÃ¼ 14.30'a kadar kahvaltÄ± dÄ±ÅŸÄ± servis yapmayan Big Chefs!,0,0,0,0,1
"KahvaltÄ± sonrasÄ± kahve iÃ§meye gittik, kapÄ±dan dÃ¶ndÃ¼k ve saat 13.30'du, ÅŸaka sandÄ±m bir an...",0,0,0,0,1
Gelen tavuk Wrapten 5 dakika sonra biz kofte durum istememize ragmen tavuk sis dÃ¼rÃ¼mu geldi durumu soyledik ve degistirdiler.,0,0,0,0,1
"Tavuklar kupkuruydu, kofte durum ise siradandi.",0,1,0,0,0
Ikisininde yanindaki yesillikler sus icin konulmus olup yemeye kalktigimizda aci bi tatla karsilastik.,0,1,0,0,0
Tadlari yerindeydi fakat az koymak icin bayagi bi zorlamislar kendilerini.,0,1,0,0,0
"Fiyatlar normal, servis cok yavaÅŸ, tuvaletler ise pis.",1,0,1,0,1
"gÃ¼zel olan tek sey manzaraydi, evet Ã§ocuk oyun alani var bakimsiz servis elemanlari suratsiz, hele omlet yapan bir bayan var ki benim oturdugum masa dibindeydi gelen herkese bir surat bir tavir ben bÃ¶yle birsey gÃ¶rmedim .",1,0,0,0,1
Ilk aÃ§ildigi ay gittigimizde Ã§ok memnun kalmistik ama daha sonraki gidislerimizde servisin Ã§ok fazla aksadigina ve garsonlarin yogunluk nedeni ile herkes ile ilgilenememesini gÃ¶zlemledik.,0,0,0,0,1
Ã‡ok az sayida garson Ã§alisiyor ve bazen mekan dolu olunca yetemiyorlar.,0,0,0,0,1
Garsonlar istediginiz seyi en az iki kere istemeden maalesef getirmiyorlar.,0,0,0,0,1
Internetteki resimlerinden gÃ¶rÃ¼ndÃ¼gÃ¼ kadar gÃ¼zel degildi.,1,0,0,0,0
Su bÃ¶regi oldukÃ§a lezzetli idi.,0,1,0,0,0
Ã‡ay kÃ¶tÃ¼ mÃ¼ydÃ¼?,0,1,0,0,0
"Hayir, Ã§ok taze ve lezzetliydi.",0,1,0,0,0
Her yÃ¶nÃ¼yle ideal - Bizim okula Ã§ok yakin oldugu iÃ§in Ã§ok sik gittigimiz bir yerdir ve muhtesemdir zaten manzarasi.,1,0,0,0,0
Yazin daha zevkli oluyor manzaraya karsi oturmasi.,1,0,0,0,0
Marmara Ã¶grencilerine de indirimli fiyat uygulamasi var.,0,0,1,0,0
O yÃ¼zden de bizim iÃ§in avantajli oluyor.,0,0,1,0,0
GÃ¼zel manzara ancak fiyat performans olarak mutfak yeterli deÄŸil.,1,1,0,0,0
Bu kadar Ã¼nlÃ¼ olmasÄ±nÄ± reklama baÄŸlÄ±yorum Ã§Ã¼nkÃ¼ Ã§ok daha iyi deniz Ã¼rÃ¼nlerini daha uygun fiyatlarla yiyebileceÄŸiniz bir sÃ¼rÃ¼ yer var Ä°stanbul'da.,0,1,1,0,0
DÃ¶ner gÃ¼zel ok ama giderek daha kalabalik hale hatta sisen restoranda omuz omuza kolunuzu kipirdatamadan feci bir gÃ¼rÃ¼ltÃ¼ iÃ§inde yemek yemek zorunda kaliyorsunuz.,1,1,0,0,0
"Sicak bir ortam - Yeri iyi olmasa da, zevkli dÃ¶senmis, yemekleri sunum ve tat aÃ§isindan tatmin edici, renkli bir mekan.",1,1,0,1,0
Sira bekleme olayi ise Ã§ok kÃ¶tÃ¼...,0,0,0,0,1
"Manzara muhtesem,ortam gÃ¼zel ama bir karisik kÃ¶fte tabagi acili kÃ¶fteyle geliyorsa,fajita da aciysa bana uygun degil.",1,1,0,0,0
Sadece meze yiyin.,0,1,0,0,0
Servisi Ã§ok hÄ±zlÄ±.,0,0,0,0,1
MÄ±sÄ±r ekmeÄŸi de sÄ±cacÄ±k bayÄ±lÄ±yorum.,0,1,0,0,0
"60 Ã§eÅŸit Ã§ay, ruh dinlendirici mÃ¼zikler, keyifli ortam, hayal kÄ±rÄ±klÄ±ÄŸÄ± yaratan Mizuno Pudding ve farklÄ± da olsa alt tarafÄ± Ã§ay iÃ§miÅŸtim, bu hesap da ne ÅŸimdi dedirten bir hesap :",1,1,1,0,0
"Hem Ã§ok keyif almÄ±ÅŸtÄ±m, hem de yok yok bir Ã§ay iÃ§in bu kadar paraya deÄŸmez demiÅŸtim ve Ã¶ve Ã¶ve bitirilmeyen Mizuno Pudding'i beÄŸenmemiÅŸtim.",0,1,1,0,0
Servisten de oldukÃ§a memnun kaldÄ±k.,0,0,0,0,1
Biz erken saatte gittik ama akÅŸamlarÄ± romantik bir yemek iÃ§in oldukÃ§a ideal bir mekan...,1,0,0,0,0
Hangi gÃ¼n hangi saat gidilse kalabalÄ±ktan kurtulmak mÃ¼mkÃ¼n deÄŸil.,1,0,0,0,0
Ã‡oluÄŸu Ã§ocuÄŸu toplayan ev hanÄ±mlarÄ± gruplarÄ± mekana olan ilgiyi azaltÄ±yor.,1,0,0,0,0
Garsonlar iyi.,0,0,0,0,1
"Ansiklopedi kalinliginda menuyu getirip siparisinizi vermek istediginizde o yok, bu uok,su kalmadi seklinde ifadelerle birturlu istediginiz tatliyi yiyemediginiz mekan isletmecisine konuyu ilettiginizde yapacak birseyleri olmadigini buyuk rahatlikla dile getiren , garsonlarinin sattiklari urunden haberdar olmayip isteklerinizi yerine gec veya yanlis getirmeleride cabasi.",0,0,0,0,1
YeÅŸilkÃ¶y ÅŸubesini bilemem ama burasÄ± standart Ã¼zerinde yine de o fiyatlar bence Ã§ok saÃ§ma.,0,0,1,0,0
Mezeler de vasatÄ±n Ã¼zerinde.,0,1,0,0,0
Balkon/teras bÃ¶lÃ¼mÃ¼ de cidden Ã§ok kÃ¼Ã§Ã¼k.,1,0,0,0,0
Her zaman gittigim ve servisi her zaman igrenc olan bu mekan artiik iyice rezalet sinirlarini zorlamis.,0,0,0,0,1
Mekanin isletmecisi beyin tavri tarzi konusmasi uslubu ve terbiyesi yerlerde.,0,0,0,0,1
Istanbulda tek manzara goren yer olmamakla beraber yemekleride son derece lezzetsiz.,1,1,0,0,0
Zaten bu saatten sonra sultan sofrasida kursa o isletmeciyle bu mekana bir daha adimimi atmam.,0,0,0,0,1
"Yemekler super lezzetli, ogle yemeginde cok kalabalik ama saat 2 sonrasinda rahat.",1,1,0,0,0
"Bir tabaga 5 farkli cesit isteyebilirsiniz, ozellikle bugday salatasi ve havuc salatasi muhtesem mutlaka deneyin",0,1,0,0,0
Istanbulda baklavanÄ±n adresi.,0,1,0,0,0
Sadece baklava deÄŸil karÄ±ÅŸÄ±k tabak yaptÄ±rÄ±n.,0,1,0,0,0
Ã‡ikolatalÄ± baklavayÄ±da Ã¶zellikle bayanlara tavsiye ederim,0,1,0,0,0
"yurtdisindan gelen misafirlerimi memnun etmesiyle,manzarasiyla ve tabii ki meze ve yemekleriyle begenimi kazanmis oldu gelinir tadilir calan muzikler guzel ayari sohbetle hos bir fon oluyor.",1,1,0,0,0
Hersey lezzetli statÃ¼sÃ¼ne Ã§ok yakin.,0,1,0,0,0
"Bira dÄ±ÅŸÄ±nda baÅŸka bir ÅŸey iÃ§menizi istemeyen mekan, bira 7,8 lira iken votka 25, ÅŸarap 17.5...",0,0,1,0,0
"Onun dÄ±ÅŸÄ±nda, belirli bir saatten sonra mÃ¼zik saÄŸÄ±r edici seviyeye ulaÅŸmakta.",1,0,0,0,0
mezeleri gerÃ§ekten standartlarÄ±n Ã¼zerinde mekan neredeyse her gÃ¼n akÅŸam saatlerinde yoÄŸun oluyor .,0,1,0,0,0
bunun haricinde Ã§alÄ±ÅŸanlarÄ±n ilgiside gayet iyi,0,0,0,0,1
Combo tabaÄŸÄ± hayalleriyle gittik ve ÅŸaka gibi iÃ§inde iki Ã¼Ã§ parÃ§a olan Ã§ok lezzetsiz bir tabak geldi.,0,1,0,0,0
Hamburgerleri vasat.,0,1,0,0,0
PorsiyonlarÄ± Ã§ok kÃ¼Ã§Ã¼k fiyatlar Ã§ok PahalÄ±.,1,0,0,0,0
Garsonlar ilgisiz Ã§aylarÄ± kÃ¶tÃ¼.,0,1,0,0,1
Arada bir belki tatlÄ± yemeye gidilebilir.,0,1,0,0,0
O da manzarasÄ± iÃ§in.,1,0,0,0,0
Bourbon vanilla ve Irish Malt tavsiye ettiÄŸim Ã§aylar arasÄ±nda.,0,1,0,0,0
"Servis kaliteli, Ã§alÄ±ÅŸanlarÄ± ise inanÄ±lmaz ilgili.",0,0,0,0,1
Mekandaki mÃ¼zik seÃ§imleri de harika.,1,0,0,0,0
Bazen inanÄ±lmaz kalabalÄ±k olabiliyor haliyle Ã¶yle gÃ¼nlerde serviste aksaklÄ±klar yaÅŸanabiliyor.,0,0,0,0,1
Mekan gÃ¼zel ferah.,1,0,0,0,0
Servis Ã§ok hÄ±zlÄ±.,0,0,0,0,1
FiyatlarÄ± makul.,0,0,1,0,0
Yemekler lezzetli,0,1,0,0,0
"Manzara gÃ¼zel,yemekler gÃ¼zel ama servis berbat.",1,1,0,0,1
Bir defa demlik Ã§ay iÃ§mek istedik musluk suyu ile yapmÄ±ÅŸlar kÃ¼f kokuyordu.,0,1,0,0,0
"Mekani Ã§ok gÃ¼zel, Ã§esitler inanilmaz derecede bol ve lezzetli.",1,1,0,0,0
servisi gayet iyi.,0,0,0,0,1
"Tesis, Fethi Pasa korulugunun iÃ§inde yer aliyor.",0,0,0,1,0
Etler kalitesi ortalama.,0,1,0,0,0
Lezzet ortalama.,0,1,0,0,0
Bu et bu parayÄ± asla hak etmiyor.,0,1,1,0,0
Kuru fasulye iÃ§in gidilir.,0,1,0,0,0
GÃ¼zel yapÄ±yorlar.,0,1,0,0,0
"Pilav, ayran eÅŸliÄŸinde iyi bir menÃ¼.",0,1,0,0,0
"Ama servis konusunda personelinden memnun deÄŸilim, bu konuda kendilerini inÅŸ.",0,0,0,0,1
"Kahvaltiliklar geldi cay yok gelen menemen bozuk domatesten,kokusu tadi yenecek gibi degil, yan masada surekli onu istemistik biz gelmedi diyip durdu bizim gibi.",0,1,0,0,0
Normalde sevdigim bir kahvalticiydi bgn ne yedigimi anladim ne bisi!,0,1,0,0,0
"Ä°Ã§eriden ve dÄ±ÅŸarÄ±dan tamamen bir daÄŸ evini andÄ±rmasÄ±yla egzotik bir havaya sahip olan mekanda servis nispeten hÄ±zlÄ±, fiyatlar pahalÄ± deÄŸil, bahÃ§esi gÃ¼zel.",1,0,1,0,1
Sunduklari lezzetleri ve gÃ¶sterdikleri ilgi ile KÃ¼Ã§Ã¼k Ev sayesinde gÃ¼zel bir aksam geÃ§irdik.,0,1,0,0,1
Ardindan en Ã§ok begendigim ise dÃ¶ner oldu.,0,1,0,0,0
Gayet lezzetliydi.,0,1,0,0,0
Bence buraya yolunuz dÃ¼serse dÃ¶nerini ve kavurmali pidesini kesinlik denemenizi Ã¶neririm.,0,1,0,0,0
Diger yediklerimizide begendim hepsi gÃ¼zellerdi.,0,1,0,0,0
Kendi Ã¼retimleri manda yogurtlarinida denemenizde fayda var.,0,1,0,0,0
Tatlilardan ise en Ã§ok kazandibini ve kaymakli ayva tatlisini begendim.,0,1,0,0,0
"Fiyatlar ise sunulan hizmet, kalite ve merkezi konumundan dolayi uygun sayilir.",0,0,1,1,1
Ã–ncelikle ortamini Ã§ok begendim.,1,0,0,0,0
"GÃ¼zel, sik ve ferah bir ortami var.",1,0,0,0,0
Ã–zellikle restorantin tam ortasindaki agaÃ§ Ã§ok hosuma gitti.,1,0,0,0,0
O agaci korumak iÃ§in gÃ¶sterdiginiz Ã§aba kesinlikle isletmenizin sayginligini fazlasiyla arttiracaktir.,1,0,0,0,0
Trabzon ve Rizeden gelen kavurmalar ile yapilan kasarli ve kavurmali pide beni benden aldi.,0,1,0,0,0
"Umdugumu degil buldugumu yedim - Arkadaslarim Ã§ok Ã¶vdÃ¼, geldim yedim bitiremedim.",0,1,0,0,0
Yani gÃ¼zel degildi.,0,1,0,0,0
Damak tadima hitap edemedi aÃ§ikÃ§asi.,0,1,0,0,0
Biberler kizartilmadan atilmis iÃ§ine.,0,1,0,0,0
Bol yumurtali ve birkaÃ§ parÃ§a domates atilmis iÃ§ine.,0,1,0,0,0
Adeta menemen degil biberli omlet olmus gibi.,0,1,0,0,0
AÃ§ik ayrani fena degildi.,0,1,0,0,0
Manzara disinda deneyimlenecek bir yemegi yok gereksiz pahali ve verdiginiz paraya asla degmeyen menusu var aslinda yok cunku cesit yok.,1,1,1,0,0
hamburgerini deneyelim dedik kendisi 35tl sunum berbat hamburgeri lezzetli degil saoganlar karamelize degil sadece patates kizartmasi guzel onu da mc donaldsta yeyin.,0,1,0,0,1
yukaridaki masaya ek olarak 3 bardak Ã§ay ve su dahil 42 tl Ã¼cret Ã¶dedik.,0,0,1,0,0
kahvalti tabagi 17.90 tl menemen 10 tl patates 8 tl.,0,0,1,0,0
Etine eyvallah fakat fiyat konusunda Ã§ok uÃ§uklar.,0,1,1,0,0
Biraz daha ortamini sik hale dÃ¶nÃ¼stÃ¼rÃ¼rlerse daha fazla mÃ¼steri Ã§ekeceklerine eminim.,1,0,0,0,0
Bu kadar Ã§ok ve lezzetli Ã§ay Ã§eÅŸidini bir arada bulmak Ã§ok gÃ¼zel.,0,1,0,0,0
"KarakÃ¶yÃ¼n dar sokak aralarÄ±nda, sokaÄŸa koyduÄŸu masalarÄ±yla insanÄ± farklÄ± bir atmosfere sÃ¼rÃ¼klÃ¼yor.",1,0,0,1,0
Servis Ã§ok Ã¶zenli ve gÃ¼zel.,0,0,0,0,1
KÃ¼l tablalarÄ±nÄ±n dolu ve pis durmasÄ± bana Starbucks'Ä± hatÄ±rlattÄ±.,0,0,0,0,1
Manzara'ya tabikide yÄ±ldÄ±zlÄ± 5 !,1,0,0,0,0
Dekorasyon da bir o kadar gÃ¼zel.,1,0,0,0,0
Fiyatlar gerÃ§ekten bir tÄ±k Ã¼stte ama manzara gÃ¶zÃ¼mÃ¼ her defasÄ±nda kÃ¶r ediyor ve gÃ¶rmezden gelebiliyorum.,1,0,1,0,0
AÅŸk-Ä± Memnu'yu tatmayan kalmasÄ±n!,0,1,0,0,0
BurdaysanÄ±z mutlaka deneyin KuÅŸ YuvasÄ± yenmesi biraz zor bir tatlÄ± ama o da gÃ¼zel bir alternatif.,0,1,0,0,0
yazÄ±n dÄ±sarÄ±da yer bulmasÄ± epey zor.,1,0,0,0,0
fakat kÄ±zartma combosu bir harika.,0,1,0,0,0
sÃ¼rekli kalabalik nedeniyle servis oldukca yavas.,0,0,0,0,1
bazen bir hesabÄ±n gelmesi bile yarÄ±m saat sÃ¼rebiliyor.,0,0,0,0,1
ParasÄ±yla almÄ±yormuÅŸ gibi davran panpa konsept esinmesi bÃ¼lent ersoyun fevkinde,1,0,0,0,0
"3 arkadaÅŸ yaz baÅŸÄ± gittik,dÃ¶ner kÄ±sma oturduk 7-8 dakika sipariÅŸ almaya gelen olmadÄ±.",0,0,0,0,1
Bi dakka bekleyin iÅŸim var gÃ¶rÃ¼yorsunuz tarzÄ± bir fÄ±rÃ§a.,0,0,0,0,1
Evet yemekler lezzetli ortam guzel fakat hafta sonu gittigimiz icin midir bilmemm cok kalabalikti.,1,1,0,0,0
Calisanlar pek ilgili degildi hesabi tam 17482 garsona soylememize ragmen yarim saat sonra geldi abartisiz.,0,0,0,0,1
iÃ§ecek Ã§eÅŸitliliÄŸi konusunda biraz yetersiz ancak fiyat olarak tartÄ±ÅŸmasÄ±z Ã§evresine gÃ¶re Ã§ok Ã§ok ucuz.,0,0,1,0,0
TÃ¼rk kahvesi de fena deÄŸil.,0,1,0,0,0
"Manzarasi ve dizayni guzel fakat garsonlar ilgisiz, porsiyonlar cok kucuk ve pahali.",1,0,1,0,1
Lezzet eh iste.,0,1,0,0,0
Ozetle manzara disinda bisey yok.,1,0,0,0,0
Bence burgerleri ve pizzasi Kanyon'da yenebilecek acik ara en iyi.,0,1,0,0,0
Adi her ne kadar pizzaci olsa da ne yazik ki pizzalar ortalama.,0,1,0,0,0
Num Num gerÃ§egi - Yediginiz herseyin hakkini verdikleri bir gerÃ§ek.,0,1,0,0,0
Yemeklerin doyuruculugu ve lezzeti tartisilmaz ancak Ã¶gle saatlerinde yer bulmakta oldukÃ§a sikintili.,1,1,0,0,0
Manzaraya da sufleye de bayildik.,1,1,0,0,0
Karsida isiklariyla Rumeli Hisari ve kÃ¶prÃ¼ manzarasi esliginde bir aksamÃ¼stÃ¼ Big Chefs'te oturmak Ã§ok keyifliydi.,1,0,0,0,0
"Sufle 13,5 lira, Ã§ay 4,5 lira.",0,0,1,0,0
GenÃ§ler ve Ã¶grenciler iÃ§in fiyatlari daha uygun tutmuslar.,0,0,1,0,0
Iftar menÃ¼sÃ¼ 80 TL.,0,0,1,0,0
Ezogelin Ã§orba Ã§ok tuzluydu.,0,1,0,0,0
Ve erken servis edildigi iÃ§in iftara kadar sogudu.,0,0,0,0,1
IÃ§li kÃ¶fte ve pirzola gÃ¼zeldi.,0,1,0,0,0
Servis elemanlari yetersiz oldugu iÃ§in yavasti.,0,0,0,0,1
Her seyden Ã¶te bÃ¶yle bir mekana bu tuvaletler hiÃ§ yakismiyor,1,0,0,0,0
"Bir yer dÃ¼ÅŸÃ¼nÃ¼n ki iÃ§ecekler bardakla geliyor, garsonlar suratsÄ±z ve Islak mendil bulunmuyor sebepsiz yere -_- buraya ne olmuÅŸ bÃ¶yle !",0,0,0,0,1
"Civardaki restorantlardan pek bir farkÄ± yok, servisi yavaÅŸ.",0,0,0,0,1
Sadece soya soslu somon baÅŸarÄ±lÄ±ydÄ±.,0,1,0,0,0
"Kisin iÃ§ kismi dag evini animsatan, yazin bahÃ§esi yesillikler icersinde ve ferah olan, aÃ§ik bÃ¼fe kahvaltisi zengin Ã§esitleriyle bir hayli rabet gÃ¶ren, bunun haricinde genellikle nargile severlerin ugrak mekani olan tatli bir cafe.",1,0,0,0,0
"Utanmadan bozuk iÃ§li kÃ¶fte, acilasmis tereyagi servis edebilen bir mekan...",0,1,0,0,0
Garsonu bu kadar uyardigimizda ise sadece iletirim dedi.,0,0,0,0,1
Ã–zÃ¼r bile dilemediler.,0,0,0,0,1
Machiato dediÄŸim halde yerine espresso servis eden iÅŸletme.,0,0,0,0,1
"BoÅŸ bardak, fincan, tabak masada bekliyor, toplayan yok.",0,0,0,0,1
"Kirli, iyi yÄ±kanmamÄ±ÅŸ bardakla Ã§ay servisi.",0,0,0,0,1
Manzara satÄ±yor burada da.,1,0,0,0,0
Ev yemekleri hergÃ¼n farkli - Tipki anne eli degmis gibi lezzetli ev yemekleri...,0,1,0,0,0
Mekan Ã§ok kÃ¼Ã§Ã¼k hemen doluyor.,1,0,0,0,0
Ã–glenleri yer bulamadigimiz Ã§ok oluyor.,0,0,0,0,1
Genelde Ã¼rÃ¼nler lezzetli ve fiyat da uygun .,0,1,1,0,0
Ã–glen iÃ§in tercih edilebilir ama 12yi Ã§ok geÃ§irmemek gerekiyor...,0,0,0,0,1
"Cok guzel sirin bir mekan yemekler kokteyliler super manzara cok iyi, tabiki bu guzel seyler icin sira bekleyebilirsiniz.",1,1,0,0,0
Genel olarak mekan ÅŸirin.,1,0,0,0,0
HayatÄ±mÄ±n en pahalÄ± yemeÄŸini yediÄŸim restoran.,0,0,1,0,0
Yemekler lezzetli olmasÄ±na raÄŸmen FSM kÃ¶prÃ¼sÃ¼nÃ¼n baÅŸÄ±nÄ±zÄ±n Ã¼stÃ¼nde zebellah gibi durmasÄ± manzaranÄ±n keyfini kaÃ§Ä±rmakta.,1,1,0,0,0
Vale hizmeti var.,0,0,0,0,1
Rock'n Roll burger yedim.,0,1,0,0,0
Burger ekmegi yumusamis dagiliyordu.,0,1,0,0,0
Icinde ki sos da pek bi istah acici degildi.,0,1,0,0,0
Ortami guzel gidilecekse onun icin gidelebilir.,1,0,0,0,0
"Mekan enteresan bir havaya sahip , haftaici aksamlari abiler ellerinde nargilelerle Ã§ayla muhabbetin dibine vururken.",1,0,0,0,0
Yemeklerini ve caylarini begendigim.,0,1,0,0,0
Fiyat olarak gayet mantikli bir isletme.,0,0,1,0,0
Bunun haricinde servis iyi garsonlar gÃ¼leryÃ¼zlÃ¼ ve rahat bir mekan.,1,0,0,0,1
Cuma iÅŸ Ã§Ä±kÄ±ÅŸÄ± arkadaÅŸlarla takÄ±lmalÄ±k bir mekan.,1,0,0,0,0
Ã‡ok fazla lezzetli alternatifi bulunan menÃ¼sÃ¼nÃ¼ seviyorum.,0,1,0,0,0
"Magnolia'sÄ± ayrÄ±, limonatasÄ± ayrÄ± gÃ¼zel.",0,1,0,0,0
Bir peynirli tostu bile Ã§ok Ã¶zenle sunuyorlar.,0,0,0,0,1
Somon Ä±zgarasÄ±na 4 puan.,0,1,0,0,0
Hem saÄŸlÄ±klÄ± hem de doyurucu.,0,1,0,0,0
GÃ¼zel bir Ã¶ÄŸle yemeÄŸi molasÄ±.,0,1,0,0,0
BahÃ§esi de gÃ¼zel.,1,0,0,0,0
SalÄ±ncaÄŸÄ± bile var.,1,0,0,0,0
Yemek Ã¼zerine de soÄŸuk kahve iyi gidiyor.,0,1,0,0,0
"BoÄŸazÄ±n en gÃ¼zel yerlerinden birinde, sÄ±cak, sempatik ve zevkli dekorasyonu ve ÅŸahane manzarasÄ±, genÃ§ mÃ¼ÅŸteri kitlesi, gÃ¼zel mÃ¼zikleri yetmezmiÅŸ gibi gÃ¼ler yÃ¼zlÃ¼ arkadaÅŸca servisi de mÃ¼kemmel.",1,0,0,1,1
Yemekleri de fena deÄŸil.,0,1,0,0,0
TÃ¼m bu Ã¶zelikleri gÃ¶z Ã¶nÃ¼ne alÄ±nca fiyatlar Ã§ok makul geliyor.,0,0,1,0,0
Besiktaki en hakiki pideci diyebilirim.,0,1,0,0,0
ben bu yuzden tatli yemegi tercih etmedim.,0,1,0,0,0
fiyatlari 13-17 tl arasi porsiyonlari 1.5 olarak buyutmek de mumkun.,0,0,1,0,0
puanimdan sirf yavas yuzunden kisiyorum!,0,0,0,0,1
otobus duraginin hemen karsisinda yeri cok kolay.,0,0,0,1,0
porsiyonu tam malzemesi bol hamuru citir citir fakat servis icin ayni hosnutluktan bahsedemicem.,0,0,0,0,1
servis oldukca yavas.,0,0,0,0,1
yavas demek bile az kalir.,0,0,0,0,1
az vaktiniz varsa kesinlikle ogle saatlerinde ugramayiniz.,0,0,0,0,1
besiktas da yiyebilceniz en iyi pide ama odun atesinde pisenin yerini tutmuyor tabiki.,0,1,0,0,0
tatli secenekleri de mevcur sufle ve kunefe var menu de var da pide o kadar gec gelince insani tatli siparisi dusunduruyor.,0,0,0,0,1
Eski kalitesinde olmasada hala iyi diyelim talep Ã§ok olunca ister istemez kalite ve servis vasata dÃ¼ÅŸÃ¼yor etleri kenfi Ã§iftliklerinden otopark sorun fiatlar normal,0,0,1,0,1
"Manzarasi icin gidilesi cafe , cok fazla yazacak bisey yok.",1,0,0,0,0
fiyatlar standart seviyede.,0,0,1,0,0
otopark sorunu yok.,0,0,0,1,0
sessiz sakin ve huzurlu bir mekan.,1,0,0,0,0
Kuru fasulyesi lezzetli.,0,1,0,0,0
Sutlaci tavsiye edilir.,0,1,0,0,0
KÃ¶ftesi de kaliteli.,0,1,0,0,0
Sade gÃ¼zel bir yer.,1,0,0,0,0
Ã‡alÄ±ÅŸanlar ilgili kibar.,0,0,0,0,1
Park sorunu ciddi.,0,0,0,1,0
Valesi var gerÃ§i.,0,0,0,0,1
Masaya istenen sucuklu yumurtanÄ±n sucuÄŸuna extra Ã¼cret istenmesi ayÄ±p.,0,0,1,0,0
MekanÄ±n lokasyonu on numara ama rezervasyonsuz deniz kenarÄ± masa bulmanÄ±z imkansÄ±z.,0,0,0,1,0
"BÃ¶yle bir brunch iÃ§in 59TL, 4 ince dilim sucuk iÃ§in 5TL extra Ã¼cret mÃ¢nÃ¢sÄ±z.",0,0,1,0,0
En son kabalÄ±k bir grup halinde gittiÄŸimizde sipariÅŸlerde karÄ±ÅŸÄ±klÄ±k olmuÅŸtu malesef.,0,0,0,0,1
"Tek kelimeyle muhtesem bir lezzet, doner kesimi tam olarak usta isi.",0,1,0,0,0
Yagsiz ve cok lezzetli.,0,1,0,0,0
Yaninda getirdikleri tandir lavasi ise bugune kadar yedigim en lezzetli lavas.,0,1,0,0,0
Oturdugunuz gibi siparisiniz aliniyor ve hemen servis yapilmaya baslaniyor.,0,0,0,0,1
Ã‡Ã¼nkÃ¼ size oluru olmayan fiyatlar sunar.,0,0,1,0,0
Ä°sim yapmÄ±ÅŸtÄ±r Ã§Ã¼nkÃ¼ pahalÄ± olduÄŸu iÃ§in kaliteli algÄ±sÄ± yaratÄ±r .,0,0,1,0,0
"Bir ayvalÄ±k tostuna 20 tl , bir kavanoz tatlÄ±ya 20 tl vs. Yazan bu mekana kesinlikle gitmem .",0,0,1,0,0
BÃ¶yle mekanlarÄ± biraz boÅŸ bÄ±rakmak lazÄ±m ki Fiyat skalasÄ±nÄ± biraz dÃ¼ÅŸÃ¼k aralÄ±ÄŸa taÅŸÄ±sÄ±nlar !,0,0,1,0,0
"Tatlilar - Tatlilari Ã§ok gÃ¼zel, tiramisu Ã¶zellikle yenilmeli ama ana Ã¶gÃ¼n kadar bÃ¼yÃ¼k geliyor dikkat!",0,1,0,0,0
"Unsuz Ã§ikolatali pastasi biraz agir, diyet yapanlar bulasmasin!",0,1,0,0,0
Yemeklerin tadi tuzu yok.,0,1,0,0,0
Ortam gÃ¼rÃ¼ltÃ¼den ibaret.,1,0,0,0,0
Garsonlar TV izlemekten size bakmiyor.,0,0,0,0,1
GÃ¼zel - Konum olarak Ã§ok keyifli bir yer degil ancak Ã§alisirken Ã¶gle yemekleri iÃ§in bazen gidiyoruz.,0,1,0,1,0
"Yemeklerin lezzetine inanamayacaksiniz, pastirma ile yapilan Topkapi kebabi Ã§ok iyidir.",0,1,0,0,0
Koftenin hicbir ozelligi yok.,0,1,0,0,0
Hizmet yok guleryuz yok.,0,0,0,0,1
Manzaranin ekmegini yiyorlar.,1,0,0,0,0
Masalar dipdibe marketten dondurulmus kofte alin evinizde yiyebilirsiniz.,1,0,0,0,0
Siradan - Siradan kebaplari olan mekan...,0,1,0,0,0
Kebap iÃ§in kesinlikle gidilmeli denemez ama tatlilari inanilmaz gÃ¼zel.,0,1,0,0,0
Hizmetten cok memnun kaldik.,0,0,0,0,1
Herkes cok ilgili ve guler yuzluydu.,0,0,0,0,1
D Somon izgara ve etli quesadilla sipariz ettik.,0,1,0,0,0
"Somon izgaranin altinda olan kuskonmazli ispanakli sote mukemmeldi, yemek ise genel olarak guzeldi.",0,1,0,0,0
Etli quesadillanin ise ozellikle eti cok guzeldi.,0,1,0,0,0
"MÃ¼zikler, bahÃ§esi, menÃ¼sÃ¼ gÃ¼zel.",1,0,0,0,0
Ferah bir ortamÄ± var ve kalabalÄ±k buluÅŸmalar iÃ§in de uygun bir yer.,1,0,0,0,0
Ã‡alÄ±ÅŸanlarÄ± da gÃ¼ler yÃ¼zlÃ¼.,0,0,0,0,1
Girerken bÃ¶yle bir yerle karÅŸÄ±laÅŸacaÄŸÄ±nÄ±zÄ± tahmin etmiyorsunuz konumu nedeniyle.,0,0,0,1,0
SÃ¼tiÅŸ'in Emirgan ÅŸubesi gibi bu ÅŸubesinin manzarasÄ± da Ã§ok gÃ¼zel deniz hemen yanÄ±nÄ±zda kÃ¶prÃ¼ hemen saÄŸ Ã§aprazda :,1,0,0,0,0
) yemekler gÃ¼zel fiyatlar da mekana gÃ¶re gayet uygun.,0,1,1,0,0
TavukgÃ¶ÄŸsÃ¼ baÅŸarÄ±lÄ± :,0,1,0,0,0
Berbat biyer rezervasyon yaptirdigim halde misafirlerime rezil oldum rezalet biyer calisanlarin tavirlari olsun ilgileri herseyi rezalet otesi,0,0,0,0,1
Ã‡Ã¶mlekte ev yapimi yogurtlarini mutlaka deneyin.,0,1,0,0,0
Eski zamanlar biraktigimiz gerÃ§ek yogurdun tadini yakalayacaksiniz.,0,1,0,0,0
Fiyati da saka gibi.,0,0,1,0,0
MÃ¼kellef bir yemek sonrasi ortalama 15-25 TL'ye mekandan Ã§ikabilirsiniz.,0,0,1,0,0
"Dekorasyon zevkli olmus, Ã¶zellikle mekanin ortasina konuslanmis bonsai agaÃ§ beni benden aldi.",1,0,0,0,0
Ã‡ok iyi karsilandik ve sonuna kadar el Ã¼stÃ¼nde tutulduk.,0,0,0,0,1
) Her seyden ufak ufak tattik.,0,1,0,0,0
Yemeklerde favorilerim dÃ¶ner ve kavurmali pide oldu.,0,1,0,0,0
Kavurmali pide iÃ§in tekrar ugrayacagim.,0,1,0,0,0
Tatlilarda tavuk gÃ¶gsÃ¼ gerÃ§ekten lezizdi.,0,1,0,0,0
"Irmik helvasinin da tavuk gÃ¶gsÃ¼nden eksigi yoktu, sekeri kivamindaydi ve hafifti.",0,1,0,0,0
Yemekleri eskiden daha gÃ¼zeldi Ã¶zellikle mantÄ±sÄ± Ã§ok baÅŸarÄ±lÄ±ydÄ±.,0,1,0,0,0
"ZeytinyaÄŸlÄ± tabaÄŸÄ± baÅŸarÄ±lÄ±, salatalarÄ±nÄ±n da porsiyonu Ã§ok bÃ¼yÃ¼k tavsiye ederim.",0,1,0,0,0
ve oradakÄ± koku olayÄ±na bÄ±r hal care bulamadÄ±klarÄ± Ä±cÄ±n yazÄ±k olan mekandÄ±r.,1,0,0,0,0
) Hamburgeri hoÅŸuma gidiyor ve NY steak de tavsiye edebilirim.,0,1,0,0,0
Ä°Ã§ecek olarak genelde bira sevdiÄŸim iÃ§in kokteylleri iÃ§in bir ÅŸey sÃ¶yleyemeyeceÄŸim.,0,1,0,0,0
Afiyetle!,0,1,0,0,0
Servisi iyiydi Ã§alÄ±ÅŸanlarÄ± gÃ¼leryÃ¼zlÃ¼ fakat yemeklerinden eskiden aldÄ±ÄŸÄ±m tadÄ± almÄ±yorum.,0,1,0,0,1
"Ben bi tek Ã§ilekli limonatasÄ±nÄ± beÄŸendim, Ã§ok tavsiye etmem",0,1,0,0,0
Ã–yle bir manzara ve konum iÃ§in olabilecek son mekan filizler olmalÄ±ydÄ±.,1,0,0,0,0
Yemekleri fena degil.,0,1,0,0,0
Ozellikle zeytinyaglilari guzel.,0,1,0,0,0
Galata cevresinde zeytinyagli veya ev yemegivari yiyebilecegimiz nadir yerlerden oldugu icin tercih ediyorduk.,0,1,0,0,0
Ama dunyanin en yavas evlere servis hizmetini sunuyorlar.,0,0,0,0,1
Hele de ogle saatinde 50 ile 70 dakika beklemeye hazir olun.,0,0,0,0,1
Ogle saatleri degilse de 25-30 dk beklemeyi goze almak gerekiyor.,0,0,0,0,1
En son soyledigimiz firinda makarnasi da kuru geldikten sonra bir daha siparis vermemeye karar verdik.,0,1,0,0,0
"Manzarasi Ã§ok gÃ¼zel , dekorasyonda Ã§ok baÅŸarÄ±lÄ±ydÄ± , kahvaltÄ± iÃ§in gittik kahvaltÄ± gÃ¼zeldi ama omleti beÄŸenmedim Ã§ok tatsÄ±zdÄ±.",1,1,0,0,0
Geri kalan hersey tazeydi kayÄ±sÄ± ve cevizle sÃ¼slemeleri Ã§ok hoÅŸuma gitti kahvaltÄ±ya fresh bir hava katmÄ±ÅŸlar.,0,0,0,0,1
KahvaltÄ±sÄ± iÃ§in gidebilir ama garsonlar servis ederken gÃ¶rdÃ¼ÄŸÃ¼m kadarÄ±yla yemek porsiyonlarÄ± kÃ¼Ã§Ã¼ktÃ¼ ve sunum hoÅŸuma gitmedi .,0,1,0,0,0
KÄ±sacasÄ± manzarasÄ± iÃ§in gidilebilinir bir yer sadece .,1,0,0,0,0
"Ä°lk Evlilik yÄ±ldÃ¶nÃ¼mÃ¼ yemeÄŸimizi burada yemiÅŸtik, karÅŸÄ±lama gayet gÃ¼zel kibar Ã§alÄ±ÅŸanlar.",0,0,0,0,1
Sunumu beÄŸendik.,0,0,0,0,1
Sakin mutlu bir yemekti.,1,0,0,0,0
"Klasik rakÄ±-balÄ±k-fasÄ±l Ã¼Ã§lemesinden sÄ±kÄ±lan, ve mezelere odaklanmak isteyenler iÃ§in en iyi alternatif.",0,1,0,0,0
Manzara olarak en iyi seÃ§eneÄŸi sunmasa da lakerdasÄ± baÅŸta olmak Ã¼zere bÃ¼tÃ¼n mezeleri denemeye deÄŸer.,1,1,0,0,0
"FÄ±stÄ±klÄ± peynirli meze, buraya Ã¶zel bir lezzet.",0,1,0,0,0
KiÅŸi baÅŸÄ± 60 liraya rakÄ±nÄ±z ve mezelerinizle gÃ¼zel bir akÅŸam geÃ§irmeniz garanti.,0,1,1,0,0
"Konum itibariyle cok guzel yerde, manzarasi enfes.",1,0,0,1,0
"Limonatasi kocaman ve lezzetliydi, ""ayvalik tostu""nu yeniden yorumlayarak tamamen farkli bir hale getirmisler, fena degildi.",0,1,0,0,0
"Ancak mekanin en buyuk sÄ±kÄ±ntÄ±sÄ± hizmet kalitesi, cok cok yavaslar!",0,0,0,0,1
"Ki bana gore bir mekanda olmasi gereken en onemli ozellik ""hizmet kalitesi"" En buyuk kurtaricisi lokasyon ve muhtesem bogaz manzarasi!",1,0,0,1,1
Sinirsz kahvalti keyfi iÃ§in harika bir yer.,0,1,0,0,0
Manzarasi cok gÃ¼zel.,1,0,0,0,0
Garsonlar biraz daha gÃ¼ler yÃ¼xlÃ¼ olabilir.,0,0,0,0,1
40 tl kisi basi.,0,0,1,0,0
Bu kadar bÃ¼yÃ¼k merakla gelip de yediklerimden bu kadar az haz ettiÄŸim baÅŸka bir yer olmadÄ±.,0,1,0,0,0
"Garson arkadaÅŸlar, mekanÄ±n manzarasÄ±, hizmet ÅŸahane ama lezzet adÄ±na sÃ¶yleyebileceÄŸim Ã§ok ÅŸey yok.",1,1,0,0,1
KÃ¶prÃ¼ altÄ± yerleri gibi kalamar koydular Ã¶nÃ¼mÃ¼ze.,0,1,0,0,0
BahÃ§esi insana huzur veriyordu...,1,0,0,0,0
"Manzara guzel servis rezalet , 3 kere soylemeden getirmiyorlar , iki kere degil 5 kere dusunun gelirken",1,0,0,0,1
Bir yanÄ± benzinlik bir yanÄ± mezarlÄ±k manzaralÄ± ama Ã§okta tutan bir cafe.,1,0,0,0,0
E5 Ã¼stÃ¼nde olduÄŸu iÃ§in Ã§abuk direksiyon kÄ±rÄ±lÄ±p az vakitte Ã§ok oturmalÄ±k kolaylÄ±ÄŸÄ± iÃ§in tercih ettik.,0,0,0,1,0
BahÃ§esi keyifli yemekte Ã§ok kÃ¶tÃ¼ deÄŸildi.,1,1,0,0,0
ArkasÄ±ndan iÃ§tiÄŸimiz kahve iÃ§in Ã§ok beklesekte fazla beklentisiz bir cafe olduÄŸundan notu 3.5 olarak verdim,0,0,0,0,1
"besiktas barbarosta bulunan sampi sabaha kadar acik,gece cani cekenler icin ideal ve paket servisi de var,kapali kasarlisi da cok lezzetli oluyor",0,1,0,0,0
Pizzalarini fena bulmadim.,0,1,0,0,0
Ama Pizzeria Trio' nun pizzalari da guzel.,0,1,0,0,0
Eti kotuydu net ama geri kalan urunleri fena sayilmazdi.,0,1,0,0,0
Ä°nanilmaz bir manzaraya sahip bu arada mekan.,1,0,0,0,0
"Pizza, sarap, manzara kombini icin gidilebilir.",1,1,0,0,0
Ã–zellikle bahÃ§esini tercih edin giderseniz.,1,0,0,0,0
aÃ§Ä±k alan gayet rahat.,1,0,0,0,0
"iÃ§ecekler gÃ¼zel, ama fastfood tarzÄ± atÄ±ÅŸtÄ±rmalÄ±k tercih edecekseniz pek tavsiye etmem.",0,1,0,0,0
Yemekler fena deÄŸil fakat porsiyonlar Ã§ok ufak.,0,1,0,0,0
Fiyat biraz fazla gibi.,0,0,1,0,0
Burasi eskiden favori yerlerimdendi menÃ¼sÃ¼ degisti ve artik eski menudeki yemeklerin bile tadi ayni degil lezzet olarak cok kÃ¶tÃ¼.,0,1,0,0,0
Lezzet disinda degerlendirirsek hem dis alani bahcesiyle hemde ic alani rahat buyuk koltuklariyla cok keyifli bir mekan,1,0,0,0,0
Eski Ã§alÄ±ÅŸanlarÄ± daha iyi ve samimiydi diye dÃ¼ÅŸÃ¼nÃ¼yorum.,0,0,0,0,1
"Mevcut Ã§alÄ±ÅŸanlarÄ±nÄ±n marjinal gÃ¶rÃ¼nÃ¼mlerini yadÄ±rgamamakla birlikte , bu marjinal gÃ¶rÃ¼ntÃ¼ hafiften cool davranÄ±ÅŸlara kaÃ§Ä±yor, bu da hizmete olumsuz yansÄ±yor.",0,0,0,0,1
Daha gÃ¼lÃ¼mseyen bir Ã§alÄ±ÅŸan profili olmalÄ±.,0,0,0,0,1
"Hizmeti ortalama, yemekler ortalama.",0,1,0,0,1
Yine de bol Ã§eÅŸit bira denemek ve mÃ¼zik dinlemek iÃ§in gidilmeli.,1,0,0,0,0
Yemekler Ã§ok vasat.,0,1,0,0,0
her zaman Ã§ok yoÄŸun.,0,0,0,0,1
iÃ§erde mÃ¼zikten birbirini duyamÄ±yorsun.,1,0,0,0,0
servis elemanlarÄ± kaba.,0,0,0,0,1
sadece fiyatlar makul.,0,0,1,0,0
"Cizbiz koftesi , sutis moccachinosu , dtox corbasi ve haftasonu hahvalti zenginligiyle tavsiye edebilecegim bir Mekan manzarasi , ulasim rahatligi konforuyle denemenizi tavsiye Ederim",1,1,0,1,0
"ArkadaÅŸÄ±m aÅŸkÄ± memnu sÃ¶yledi,ben de cheescake sÃ¶yledim.",0,1,0,0,0
Ä°kisi de durmuÅŸ ve kÃ¶tÃ¼ kalite malzeme kullanÄ±lmÄ±ÅŸtÄ±.,0,1,0,0,0
En azÄ±ndan adlarÄ±yla Ã¶zdeÅŸleÅŸmiÅŸ tatlÄ±larÄ±na Ã¶zen gÃ¶stermelerini beklerdim.,0,1,0,0,0
"Ã–nermiyorum, eminim aynÄ± gÃ¼zellikte manzaraya sahip ama yemekleri mÃ¼ÅŸteriye saygÄ± gereÄŸi taze ve iyi malzemeyle yapÄ±lmÄ±ÅŸ bir yer bulabilirsiniz civarda.",1,1,0,0,0
anzarasi harika...,1,0,0,0,0
- Burasi haftada bir ugramaya Ã§alistigim ve manzarasina bayildigim bir mekan.,1,0,0,0,0
Ancak bir seyler yemek iÃ§in Ã§ok iyi denemez.,0,1,0,0,0
Pastalari 3. sinif pastane mamulleri gibi...,0,1,0,0,0
Ayrica genelde Ã§ok kalabalik olmasi nedeniyle yer kapmak iÃ§in bayagi bir ugrasmak gerekiyor.,0,0,0,0,1
Servis vasat.,0,0,0,0,1
"Ã‡atal, bÄ±Ã§ak pis ve cevizli baklavasÄ± ÅŸerbetinden insanÄ±n midesini bulandiriyor.",0,1,0,0,1
AyrÄ±ca baklava yanmÄ±ÅŸ gibi.,0,1,0,0,0
FÄ±stÄ±klÄ± tatlÄ±lar idare eder.,0,1,0,0,0
SÄ±k sÄ±k gelip butun caylardan denemek lazim.,0,1,0,0,0
Fiyatlar yuksek ama verdiginiz paraya degiyo,0,0,1,0,0
Dekorasyonu cok hos.,1,0,0,0,0
Cok rahat koltuklari var.,1,0,0,0,0
Oturup saatlerce kaliteli cay esliginde muhabbet edebilirsiniz.,1,1,0,0,0
Buzlu cay hayatimda ictigim en iyi buzlu caydi.,0,1,0,0,0
Seker orani yerindeydi ve cok ferahlatiyordu.,0,1,0,0,0
Cin cayi nin tadi da cok guzeldi.,0,1,0,0,0
Kavun aromasinin kivami yerindeydi ama ic ic bitmedi bir turlu.,0,1,0,0,0
Fiyat/Performans olarak gidilebilecek mekanlardan birisi Uzunlar Kebap.,0,0,1,0,0
"Berbat bir yer,insanlarin sefil oldugu,gÃ¶cmen burosuna sÄ±ra bekleyen biri gibi hissettim,rezalet...",0,0,0,0,1
Menusundeki hemen hemen hersey oldukca lezzetli.,0,1,0,0,0
Ozellikle acik bufe sabah kahvaltisi evinizde yapiyormus gibi keyifli.,0,1,0,0,0
"Standart bir kahvalti fakat ortam,servis,mekanin konumu Ã§itayi yÃ¼kseltiyor.",1,1,0,0,1
"Ã–zellikle servis elemani Sezgin bey 'in isini bu kadar iyi yapmasi ve herkesle esit ayni gÃ¼ler yÃ¼zle ilgilenmesi , masalar arasi slalom yaparken hiÃ§ bir istegi ikiletmemesi hepimizin sempatisini ve takdirini kazandi.",0,0,0,0,1
GeniÅŸ bahÃ§esi ve terasÄ± ile bu lokasyona yakÄ±n arkadaÅŸlarÄ±n yaz akÅŸamlaÄ±nda aÃ§Ä±k haavada nargile keyfi yapabilecekleri bir mekan.,1,0,0,0,0
Ulasim oldukca kolay.,0,0,0,1,0
Otoparki vale sistemiyle calisiyor.,0,0,0,1,0
Cevre duzenlemesi okadar guzel yapilmiski daha yemekleri tatmadan iyi geldim diyorsunuz.,1,0,0,0,0
"Etler , meze, salata ve patates kizartmasi da size kesinlikle aksini dusundurmuyor.",0,1,0,0,0
Hepsi ayri lezzetli.,0,1,0,0,0
Vasat - Istanbul'daki kebapÃ§ilarla kiyaslayacak olursak gerÃ§ekten vasat.,0,1,0,0,0
Ama benim derdim kebap degil yeni bir yer gÃ¶rmek diyorsaniz kesinlikle tavsiye edilir.,1,1,0,0,0
Kulbasti ve ozellikle ev yapimi sufleyi tavsiye ediyorum.,0,1,0,0,0
Rezervasyon sirasinda ozel gununuzu soylediginiz takdirde sampanya ikramlari oluyor bu guzel bir jest,0,0,0,0,1
Yemek servisi ve lezzeti iyi bir restaurant.,0,1,0,0,1
Servis SÃ¼releri biraz uzun birde bulunduÄŸu mekana ve mekanÄ±n fiziksel kalitesine gÃ¶re fiyatlar pahalÄ±.,0,0,1,0,1
Daha mÃ¼tevazÄ± menu fiyatlarÄ± olsa daha sÄ±k ziyaret edilebilir,0,0,1,0,0
Ã‡ikolatalÄ± baklavasÄ±na bayÄ±lÄ±yorum kesinlikle en favori tatlÄ±m.,0,1,0,0,0
DiÄŸer bÃ¼tÃ¼n tatlÄ±larÄ±nÄ±n kalitesi ve lezzeti Ã¼st seviyede.,0,1,0,0,0
Nusret etin prensi diyorsak bildiÄŸimiz var ki diyoruz.,0,1,0,0,0
ğŸ˜ Etleri muhteÅŸem lezzetliydi.,0,1,0,0,0
Evde de aynÄ±sÄ±nÄ± bir aÅŸÃ§Ä± adayÄ± olarak yapsam bile Nusret'inki farklÄ±.,0,1,0,0,0
Kaliteli yemek sevenler mutlaka gitsin denesin.,0,1,0,0,0
Jumbo combo ve kola istedim ama bÃ¶rek ve tavuk parÃ§alarÄ± dÄ±ÅŸÄ±ndaki tatlar bana gÃ¶re deÄŸildi.,0,1,0,0,0
SoslarÄ± sevmedim ve soÄŸan halkalarÄ±nÄ±n tadÄ± tatlÄ± geldi.,0,1,0,0,0
Nachos istemediÄŸime piÅŸman oldum.,0,1,0,0,0
Cumartesi olmasÄ±na raÄŸmen sakindi.,1,0,0,0,0
Telefonun ÅŸebekesi Ã§ekmediÄŸi iÃ§in wifi ye baÄŸlanmak istedim ama oturduÄŸum mÃ¼ddetÃ§e baÅŸarÄ±lÄ± olmadÄ±m.,0,0,0,0,1
Servis hÄ±zlÄ± ve Ã§alÄ±ÅŸanlarÄ± pozitifti.,0,0,0,0,1
GÃ¼zel bir cafe ama maalesef hard rock deÄŸil.,1,0,0,0,0
Sadece TÃ¼rk kahvesi var ve bir sÃ¼rÃ¼ Ã§ay Ã§eÅŸidi tadlari belki gÃ¼zeldir ama hem pahali hem gereksiz bir yer bence,0,0,1,0,0
Birde burdaki yerini deniyeyim dedim geÃ§enlerde ama tam bir hayal kirikligi garsonlar asiri ilgisiz kebaplar diger subelerine gÃ¶re basarisiz cok sarimsakli ve rahatsiz edici manzara gibi bir olayi yok bridge 'in tam tersi tarafinda kaldigi icin evlere bakiyor bos bos gitmeye degecek bir yer degil lezzette kÃ¶tÃ¼ zaten ilk ve son gidisim olacak fakat servis iÃ§in gÃ¶ztepe subesi gerÃ§ekten gÃ¼zel salatalari bile paket sekilde gonderiyor .,1,1,0,0,1
"Dostlarinizla birlikte gÃ¼rÃ¼ltÃ¼den uzak, bir seyler iÃ§me dÃ¼sÃ¼ncesindeyseniz birbirinizin sesini rahatlikla duyabileceginiz mÃ¼kemmel bir yer Limonlu BahÃ§e.",1,0,0,0,0
BahÃ§esindeki kedilerinin birbirini kovalamasi ise mutluluktan midenizde kelebekler uÃ§urtuyor!,1,0,0,0,0
Tek sorun siparisin Ã§ok geÃ§ gelmesi ve yemeklerin performans-fiyat birlikteliginin tutarli olmamasi,0,0,1,0,1
"Paket alÄ±nan baklavalarÄ±n bayat olma ihtimali yÃ¼ksek, dikkatli olun.",0,1,0,0,0
Su bÃ¶reÄŸi de kÃ¶tÃ¼.,0,1,0,0,0
Zaten o kalabalÄ±kta oturmaya o gÃ¼rÃ¼ltÃ¼yÃ¼ Ã§ekmeye bile deÄŸmez.,1,0,0,0,0
Normal mekan normal tatlar.,1,1,0,0,0
Bence istanbulda iyi denilen mekanlarda bile meze probleni var.,0,1,0,0,0
SÄ±radan lezzetler.,0,1,0,0,0
BahÃ§esi Ã§ok gÃ¼zel.,1,0,0,0,0
Misafirlerini Ã§ok gÃ¼zel host ediyorlar.,0,0,0,0,1
Canyon Road ve Big Burger her zaman favorimdir.,0,1,0,0,0
cok yuksek sesle gulup egleniyorlar.,1,0,0,0,0
Ugramadan geÃ§meyin - Konum olarak gÃ¼zel bir yere kurulan ve disaridan geÃ§erken gÃ¶rsel olarak iÃ§eri Ã§agiran ayrica iÃ§eri girildiginde de pisman etmeyen bir mekan.,1,0,0,1,0
"Burasi oldukÃ§a lezzetli yemekler yapiyor ve sunum, hijyen, herkes Ã§ok sicak kesinlikle gidilmeli.",0,1,0,0,1
"GÃ¼zel manzara, yetersiz menÃ¼ - Otagtepe'nin manzarasi Ã§ok gÃ¼zel ancak ne yazik ki bu manzaraya uyacak bir menÃ¼ zenginligi, yemek kalitesi yok.",1,1,0,0,0
Hizmet kalitesi de iyi degil.,0,0,0,0,1
Deniz mahsullÃ¼ pizzasÄ± gÃ¼zel deÄŸil.,0,1,0,0,0
"Riske girmeden hamburger, wrap, sandviÃ§ tarzÄ± bir ÅŸey sÃ¶ylemek en mantÄ±klÄ±sÄ±.",1,0,0,0,0
AyrÄ±ca rezervasyon alÄ±yorlar ki Numnum'sÄ±nÄ±z siz havanÄ±z kime diyesi geliyor insanÄ±n.,0,0,0,0,1
FÄ±rÄ±nda makarnasÄ±nÄ± denedim ama Ã§ok beÄŸendiÄŸimi sÃ¶yleyemeyeceÄŸim.,0,1,0,0,0
"3 aydir haftasonlari ugrak noktamizdi, Kahvehane gibi maÃ§ Ã¼creti 10 tl diye yazdilar yaa o gun bizim gozumuzde bitti.",0,0,1,0,0
"Mudavimi oldugum diger mekanim, ascisi super yemekler cikariyor isletmecisini cok seviyoruz , balli tavuk salata , yesil mercimek corbasi, kestanesi suflesi ve birbirinden saglikli fresh meyve sulari deneyin derim ,bogazin gobeginde yemeginizi yemenin keyfine varin",1,1,0,0,1
FethipaÅŸa korusunun iÃ§inde bulunan manzarasÄ±na gÃ¶re uygun fiyata sahip salaÅŸ ÅŸÄ±k aileye uygun bir mekan.,1,0,1,1,0
Ã¶zellikle yaz akÅŸamlarÄ± terasÄ±nda semaver Ã§ayÄ±nÄ± denemelisiniz,0,1,0,0,0
yaz aylarÄ± iÃ§in bahÃ§esi beÅŸiktaÅŸ'taki en ferah yer olabilir.,1,0,0,0,0
"yemekleri lezzetli, servis hÄ±zlÄ± ve Ã§alÄ±ÅŸanlar gÃ¼ler yÃ¼zlÃ¼.",0,1,0,0,1
iÃ§ dekorasyonu da gayet hoÅŸ.,1,0,0,0,0
mÃ¼zikler de ortam ile uyumlu.,1,0,0,0,0
ManzarasÄ±na zaten diyecek tek bir kelime yok.,1,0,0,0,0
BÃ¶yle bir yerin tabi ki fiyatlarÄ± PahalÄ±.,0,0,1,0,0
"Garsonlar ilgili, yemekler gÃ¼zel",0,1,0,0,1
Maalesef son 1 senede kalitesinde ve serviste epey sÄ±kÄ±ntÄ±lÄ±.,0,0,0,0,1
Tatlilari da denenmeli bence.,0,1,0,0,0
Manzarasi da ayrica gÃ¼zeldir.,1,0,0,0,0
Ev yemeklerini hakettiÄŸinden pahalÄ±ya sattÄ±klarÄ±nÄ± dÃ¼ÅŸÃ¼nÃ¼yorum.,0,0,1,0,0
GÃ¶ksunun kenarÄ±nda Ã§ok ÅŸirin bir yer.,1,0,0,0,0
Yemekleri de gayet lezzetliydi.,0,1,0,0,0
GÃ¶rselliÄŸe pek Ã¶nem vermedikleri aÅŸikar yine de.,1,0,0,0,0
Ama hizmet konusunda on puan veriyorum,0,0,0,0,1
Uzun zamandan sonra yediÄŸim en gÃ¼zel kofte idi.,0,1,0,0,0
hamburgerde Ã§ok gÃ¼zeldi.,0,1,0,0,0
roka salatasÄ± GÃ¼veÃ§te mantarda baÅŸarÄ±lÄ± idi.,0,1,0,0,0
DizaynÄ± gÃ¼zel.,1,0,0,0,0
KalabalÄ±k olduÄŸunda bile Ã§evrenizdeki masalarla iÃ§ iÃ§e hissettirmeyecek kadar ferah.,1,0,0,0,0
Fiyatlar gayet uygun.,0,0,1,0,0
Quattro Stagioni ve Orto'yu denedik ancak beklentilerimizin altÄ±nda kaldÄ±.,0,1,0,0,0
PizzalarÄ±ndan ziyade tiramusu Ã§ok daha baÅŸarÄ±lÄ±.,0,1,0,0,0
Bir de dÃ¼kkanÄ±n minyatÃ¼r haldeki maketi Ã§ok tatlÄ±.,1,0,0,0,0
Cok fazla kisiye servis yapildigi icin cok basarili bulmuyorum mezeler dunden kalma gibi etler cok guzel degil yanliz adana kebabi fena degil ama daha iyileri oldugu icin baska yerde denemede fayda var,1,1,0,0,1
- Ambiansi hos.,1,0,0,0,0
"Yemekleri basarili bulmuyorum, burgerler lezzetsiz, fajita iÃ§in kullandiklari et uygun degil.",0,1,0,0,0
Genelde Ã§ok kalabalik oldugu iÃ§in de servis kosturmaca iÃ§inde yapiliyor.,0,0,0,0,1
KadÄ±kÃ¶y'de yemek yenecek en iyi yerlerden birisi Happy Moon's.,0,1,0,0,0
Servis hÄ±zlÄ± sayÄ±lÄ±r mekan dekorasyonu gerÃ§ekten gÃ¼zel.,1,0,0,0,1
Manzara muhtesem ama servis icin ayni seyi soyleyemeyecegim.,1,0,0,0,1
Peynirli omlet ve menemen lezzetliydi ama patates kizartmasi fazla yag cekmisti.,0,1,0,0,0
Gelen kahveler de maalesef sogumustu.,0,1,0,0,0
Getirilen patates kizartmasi iÃ§in kullanilan yag kaÃ§inci kere kullanilmissa Ã¼zerinde siyahlasmis yag kalintilari vardi ve patatesler birakin Ã§itir olmayi hamur gibiydi.,0,1,0,0,0
Domates/salatalik sÃ¶gÃ¼s beklemekten pÃ¶rsÃ¼mÃ¼stÃ¼.,0,1,0,0,0
Etrafta kaotik bir hareketlilik yasanmasi yediginizden keyif almanizi zorlastiriyor.,1,0,0,0,0
Ãœzerine ortalama bir dÃ¶ner olunca ben tekrar gidecegimi sanmam.,0,1,0,0,0
BayÄ±ldÄ±ÄŸÄ±m bir yer mekan Ã§ok hoÅŸ her mezeyi tatmak gerekli evet keÅŸke fiyatlar daha insani boyutta olsa muhteÅŸem olurdu ama ne yapayÄ±m o kadar keyif alÄ±yorum ki verdiÄŸimiz para can acÄ±tmÄ±yor sadece daha seyrek gitmemize sebep oluyor ortam yemekler ve mÃ¼zik herÅŸey harika,1,1,1,0,0
nadir gÃ¼llÃ¼oglunun yeri gÃ¼zel bakimli ve taze lezzet sunuyor sadece bana Ã§ok sekerli geliyor damak tadimdan kaynaklanabilir hepsini genelde denedim fistikli baklava gÃ¼zel,0,1,0,1,0
MekanÄ±n iÃ§ine cidden emek harcandÄ±ÄŸÄ± her halinden belli.,1,0,0,0,0
"Ne kadar yoÄŸun olursa olsun, servis hÄ±zlÄ± yenilen her ÅŸey Ã§ok lezzetli.",0,1,0,0,1
PastÄ±rmalÄ± yumurta konusunda hala gÃ¶nlÃ¼mÃ¼n tek sultanÄ±dÄ±r SÃ¼tiÅŸ.,0,1,0,0,0
Hasan KolcuoÄŸlu Ã§ok pahalÄ± diyemem ama hesap yÃ¼ksek sayÄ±lÄ±r; ayrÄ±ca sÃ¶zde aÃ§Ä±k ama aslÄ±nda kapalÄ± alanÄ±nda sigara iÃ§iliyor.,1,0,1,0,0
"Mezeler Ã§ok Ã§eÅŸitli ve lezzetli, metrelik kebabÄ± da gÃ¼zel, o da gayet lezzetli fakat mecburen fix menÃ¼ alÄ±nÄ±yor.",1,1,0,0,0
mantÄ±sÄ± ficcini zeytinyaÄŸlÄ± mezgiti ile cok guzel yer.,0,1,0,0,0
ama meyhane kismina bir kere oturdugumuzda arkadaslarimizi bekliyorduk zorla 10 tane meze getirdiler eger meze istemiyorsak oturamayacagimizi soylediler.,0,0,0,0,1
terbiyesiz birkac garsonu dÄ±ÅŸÄ±nda guzel bir yerdi,0,0,0,0,1
Anadolu Yakasi'nda kebap yenebilecek en iyi ve en nezih yerlerden birisi.,1,1,0,0,0
Yemekleri ve ozellikle ara sicaklari cok lezzetli.,0,1,0,0,0
Servis cok hizli.,0,0,0,0,1
Calisanlar guleryuzlu.,0,0,0,0,1
Cerkez yemekleri sevenler icin guzel bir tercih .,0,1,0,0,0
"Ozellikle mantisini cok begenmistim, mezeleri vs lezzetliydi .",0,1,0,0,0
"Sadece son gittigimde calisanlarin muamelesinden hic hosnut kalmadim, bu konuda daha dikkatli olmalilar.",0,0,0,0,1
Mekan dekorasyonu Ã§ok baÅŸarÄ±lÄ±.,1,0,0,0,0
Mezeler oldukÃ§a gÃ¼zel ve Ã§eÅŸitli.,0,1,0,0,0
Ancak balÄ±klara gelince bir durdum.,0,1,0,0,0
BildiÄŸin Ã§iftlik balÄ±ÄŸÄ± geldi.,0,1,0,0,0
Daha lezzetli bir ana yemek bekliyordum aÃ§Ä±kÃ§asÄ±.,0,1,0,0,0
Fiyatlar ortalama meyhane fiyatlarÄ±nÄ±n Ã¼zerinde.,0,0,1,0,0
"Etler gÃ¼zel, eti az ama Ã¶z piÅŸiren nadir yerlerden:",0,1,0,0,0
Penne siciliano yedim yerken guzeldi ama sonra yagindan butun gun midem yandi.,0,1,0,0,0
Arkadasim begendili tavuk yedi o da ayni seyi yasadi.,0,1,0,0,0
"Servis, ilgi mukemmel yemekler midede rahatsizlik yaratabiliyor.",0,1,0,0,1
YediÄŸim en iyi sahanda yumurta.,0,1,0,0,0
YumurtanÄ±n neyi gÃ¼zel demeyin.,0,1,0,0,0
"KavurmalÄ± efsane, saÃ§ma demeyin yanÄ±nda bakÄ±r kapta ayranÄ± da iÃ§in.",0,1,0,0,0
"Yemekleri standart , mudur tarzinda kapida bekleyen kisi soguk ve ters birisi...",0,1,0,0,1
Bize bakan garson yuksek ses ile siparis almasi ayri bir entresan...,0,0,0,0,1
fiyatlar asiri uÃ§mus.,0,0,1,0,0
artik lezzete degil popÃ¼lerligine gidiliyor.,0,1,0,0,0
"Konum olaral harika , lezzet olarak iyi ancak gerÃ§ekten servis her gidiÅŸimde aynÄ± kÃ¶tÃ¼lÃ¼kte hiÃ§ Ã¶dÃ¼n vermiyorlar bu konuda.",0,1,0,1,1
"SÄ±cak, samimi ve iÃ§ten kÃ¼tÃ¼k ev cafe ...",1,0,0,0,0
Serpme kahvaltÄ±larÄ±n vazgeÃ§ilmezi oldu bizim iÃ§in haftasonu buraya gelip keyifli vakit geÃ§irebilirsiniz.,0,1,0,0,0
"Paket olarak dÃ¶nerlerini aldÄ±m, Ã¶zenle paketlenmiÅŸti, uzun bir yolculuk yapmÄ±ÅŸ olmama raÄŸmen aÃ§tÄ±ÄŸÄ±mda hala sÄ±caklÄ±ÄŸÄ±nÄ± koruyordu.",0,0,0,0,1
Malzemeden kÄ±sÄ±lmamasÄ± ve etinin lezzeti beni Ã§ok memnun etti.,0,1,0,0,0
"Bir gun once ayni saatte oglen menusu getiren garson, bir gun sonra kustahca ""dun insiyatif alip getirdim ama bundan sonra vermem olur biter"" diyerek getirmedi.",0,0,0,0,1
"Kesinlikle gitmeyin, muamele cok kotu.",0,0,0,0,1
Iftardan sonra Ã§ay veya kahve keyfi yapmak iÃ§in ideal bir yer.,1,1,0,0,0
"Hem bogazin huzuruyla kendinizi dinlendirebilir, arkadaslarla koyu bir sohbetle uzun saatlerce oturabilir ve canli mÃ¼zik esliginde keyfinize keyif katabilirsiniz.",1,0,0,0,0
Fiyatlari gercekten pahali fakat kaliteli ve hos bir mekan ariyorsaniz kesinlikle tercih edilebilir.,0,0,1,0,0
Ozellikle begendilerine kattiklari damla sakizi o kadar hos bir aroma veriyor ki anlatamam.,0,1,0,0,0
Baslangiclarinin bir cogunu denedik hepside enfes.,0,1,0,0,0
Tatli olarak sufleyi tercih ettik ve ona da bayildik.,0,1,0,0,0
YÄ±llardÄ±r dizaynini aynen koruyan uskudardaki muhteÅŸem yemekleri olan esnaf lokantasi.,0,1,0,0,0
Esnaf lokantasi na gÃ¶re fiyatlarÄ± pahali ve kredi kartÄ± geÃ§miyor.,0,0,1,0,1
Ancak yemekleri gerÃ§ekten Ã§ok lezzetli.,0,1,0,0,0
tatlilardan da irmik helvasÄ± ve fÄ±rÄ±nda sutlaci Ã¶neririm.,0,1,0,0,0
Servis porsiyonlar Ã§ok Ã§ok kÃ¶tÃ¼.,0,0,0,0,1
Nerde Bebek ÅŸubesi nerde burasÄ± tek gÃ¼zel yanÄ± caddenin bir arka sokaÄŸÄ±nda yeÅŸilliklerin iÃ§inde bahÃ§esinin olmasÄ±,1,0,0,0,0
Turk kahvesÄ±nÄ±n Ä±cÄ±nden kocaman bÃ¶cek Ã§Ä±ktÄ±.,0,1,0,0,0
KahveyÄ± bÄ±tÄ±rdÄ±ÄŸÄ±nÄ±zde dÄ±bÄ±ndekÄ± bocekle karsilasiyorsunuz!,0,1,0,0,0
Yemekleri hesap edin artÄ±k!,0,1,0,0,0
Lynchburgleri Ã§ok gÃ¼zel.,0,1,0,0,0
Cin li kokteylleri de denemeye deÄŸer ama arkadaÅŸ bi jager mojito yapamÄ±yorsunuz.,0,1,0,0,0
"AlkollÃ¼ iÃ§ki almadiginiz bir restda adam basi 80/90 tl hesap cookk fazla ,Ã¼stelik gayet az yedik .",0,0,1,0,0
"Lezzet iyi ama fiyatla orantili degil ,Porsiyonlar az,personel iyi .",0,1,1,0,1
Manzara gÃ¼zel.,1,0,0,0,0
Kurucesmede olmasÄ±na raÄŸmen pek bir derme catma mekan.,1,0,0,0,0
SÄ±kÄ±ÅŸ SÄ±kÄ±ÅŸ yerlestirilmis masalardan dolayi ortam Ã§ok ugultulu maalesef.,1,0,0,0,0
Ã‡ok daha keyifli bir yer olabilirdi.,1,0,0,0,0
O gÃ¼rÃ¼ltÃ¼ ortamdan sonra tekrar gidecegimi sanmÄ±yorum.,1,0,0,0,0
"Ä°thal peynir tabaÄŸÄ±ndaki peynirler Ã§ok yetersiz, Ã§oÄŸu ithal bile deÄŸil.",0,1,0,0,0
BÃ¶ylesi bir mekan iÃ§in fiyat ortalamanÄ±n Ã¼stÃ¼nde kalmÄ±ÅŸ.,0,0,1,0,0
AÃ§Ä±k ortamda yemek isteyenler iÃ§in gÃ¼zel bir ortam.,1,0,0,0,0
BahÃ§esinde sakince yemeÄŸinizi yiyebilirsiniz.,1,0,0,0,0
Kuzu sisleri ve lahmacunlari guzeldi...,0,1,0,0,0
Serviste aksamalar var.,0,0,0,0,1
garsonlar sÃ¼rekli bir ÅŸey dÃ¼ÅŸÃ¼rÃ¼yor...,0,0,0,0,1
Kahvaltisi bol cesitli doyurucu hatta genelde biteremiyosunuz fiyati biraz daha uygun olabilirdi calisanlar guler yuzlu ama bulundugu alan ve masalar daha genis olsa daha rahat oturup keyifle kahvaltimizi edebiliriz,1,0,1,0,1
"Merkezi konumu ve geniÅŸ menÃ¼sÃ¼ nedeniyle KadÄ±kÃ¶y'de Ã§ok tercih edilen, Ã§oÄŸu zaman dÄ±ÅŸarÄ±da yer bile bulamayacaÄŸÄ±nÄ±z mekan.",0,0,0,1,0
Fakat son iki gidiÅŸimde Ã§ok pahalanmÄ±ÅŸ buldum.,0,0,1,0,0
"Yemeklerde bugÃ¼ne dek bir sÄ±kÄ±ntÄ±ya rastlamadÄ±m, ama Ã§ok lezzetli yapÄ±yorlar diyebileceÄŸim bir tek cajun tavuk var.",0,1,0,0,0
FiyatlarÄ± gayet uygun olan yer bulmanÄ±n bir o kadar zor olduÄŸu ÅŸirin bir dÃ¼kkandan buralara kadar kÄ±sa bir sÃ¼rede gelmiÅŸ bir mekanÄ±mÄ±zdÄ±r.,1,0,1,0,0
Ama maalesef eski lezzet mi?,0,1,0,0,0
Ah be Sezgin Abi eski lezzetine hasretiz,0,1,0,0,0
beÅŸiktaÅŸa otobÃ¼sle zincirlikuyudan geldiÄŸinizde gÃ¶zÃ¼nÃ¼ze direk Ã§arpan bir mekan.,0,0,0,1,0
pideleri iyi hizmetide bence Ã¼st kat terasÄ± Ã§ok daha iyi bÃ¼tÃ¼k kalabalÄ±k gÃ¶zÃ¼nÃ¼zÃ¼n Ã¶nÃ¼nden akÄ±yor resmen hemen yanÄ±ndaki aÄŸaÃ§ ilede farklÄ± bir hava katÄ±yor,1,1,0,0,1
Bahariyede gezerken yemek yemek icin buraya gelebilirsiniz mekan guzel sik menu de cesitli gayet.,1,0,0,0,0
Fiyatlar da cok pahali degil ortalama duruyordu,0,0,1,0,0
Cookshop diyince aklima ilk gelen Magnolia oluyor.,0,1,0,0,0
Buraya gelipte bu tatliyi denemeden gitmeyin.,0,1,0,0,0
"Makarnalardan patlicanli,zeytinli penne guzel.",0,1,0,0,0
Arkadasim lasagne yedi ama pek begenmedi.,0,1,0,0,0
Servisin gelistirilmesi gerek siparis almaya gec geliyorlar.,0,0,0,0,1
"Yemekler basarisiz, menÃ¼ zengin, servis de basarili ama ilk aÃ§ildigindaki lezzet kalitesini bozdu.",0,1,0,0,1
Kurufasulye ve SÃ¼tlaÃ§ - SÃ¼rekli gittigim yerlerden biri.,0,1,0,0,0
"Tereyagini da manzarayla karistirinca, yeme de yaninda yat...",1,1,0,0,0
Bir de Ã¼zerine bolca findik dÃ¶kÃ¼lmÃ¼s firin sÃ¼tlaci yedin mi daha ne olsun.,0,1,0,0,0
- Tuzla sahilinde kafede oturup bir seyler iÃ§mek iÃ§in ideal bir yer.,0,0,0,1,0
KÃ¼nefesi dÃ¼sÃ¼ndÃ¼gÃ¼mden gÃ¼zelmis.,0,1,0,0,0
Bir Hatay kÃ¼nefesiyle kiyaslamasam tabi ki ama lezzetliydi.,0,1,0,0,0
"Ã‡ayi, sahlepi, kÃ¼nefesi ve dondurmasi Ã¶nerilebilir.",0,1,0,0,0
Biz sormadan getirdigimizde bilgilendirmesi lazimdi.,0,0,0,0,1
"Mis gibi Uskudar ;) - Dilruba'ya Ã§ikis yolu zorlu, yorucu olsa da nargilesi iÃ§in gidilmeye deger.",0,1,0,1,0
Hele kebaplari enfes.,0,1,0,0,0
Sabahlari ise 100 Ã§esit kahvaltisiyla essiz manzara birlesince insani rahatlatmaya yetiyor.,1,0,0,0,0
DÃ¼n ailece essiz lezzetleri tatdigimiz Mabeyn deydik.,0,1,0,0,0
Tatlilar muhtesemdi.,0,1,0,0,0
Hesap gelene kadar tadimizda Ã§ok iyiydi.,0,0,1,0,0
342 TL Ã§ok fazla.,0,0,1,0,0
ama Ã§ok pide yemeyenler iÃ§in gÃ¼zel diyebilirim.,0,1,0,0,0
Ã§orbasi soguk geldi.,0,1,0,0,0
Tadi pek yoktu.,0,1,0,0,0
suflesi normal.,0,1,0,0,0
Besiktas ta merkezi yerde.,0,0,0,1,0
Fakat yemekleri baya standart hatta bazÄ±larÄ± bi hayli kotu...,0,1,0,0,0
Tavsiye edebileceÄŸim tek ÅŸeyi dondurmasÄ± olur sanÄ±rÄ±m.,0,1,0,0,0
Kaliteli olabilirler ama ne gramÄ±na ne demleme sÃ¼resine ne de sÄ±caklÄ±ÄŸa dikkat edildiÄŸini sanmÄ±yorum.,0,1,0,0,0
Bir paket Ã§ay alabildiÄŸim Ã¼crete daha iyi bir ÅŸey beklerdim.,0,1,1,0,0
TatlÄ±larÄ± iÃ§in gelinebilir.,0,1,0,0,0
"Miss Pizza ""Ã§ok iyi"" olmasa da Ä°stanbul'da en iyiler arasÄ±nda sayÄ±labilir.",0,1,0,0,0
"DÄ±ÅŸarÄ±da yer vermiyorlar, iÃ§erisi boÅŸken yerimiz yok diyorlar, Ã–ÄŸlen 12'den biraz Ã¶nce gidince daha aÃ§Ä±lmadÄ±k diyorlar vb...",0,0,0,0,1
YemeÄŸi fena olmasa servisi nedeniyle hayatta uÄŸramayacaÄŸÄ±m yer.,0,1,0,0,1
Ä°yi bir kaliteye bÃ¶yle bir hizmet hiÃ§ yakÄ±ÅŸmÄ±yor.,0,1,0,0,1
KullanÄ±lan malzemeler Ã§ok iyi deÄŸil ancak ortalamanÄ±n Ã¼stÃ¼ ve hamuru gayet iyi yapÄ±yorlar.,0,1,0,0,0
Ã–zellikle kabaklÄ± pizzasÄ± gayet baÅŸarÄ±lÄ±.,0,1,0,0,0
Servis konusunda ise ciddi sÄ±kÄ±ntÄ±larÄ± olduÄŸunu dÃ¼ÅŸÃ¼ndÃ¼ÄŸÃ¼m bir yer.,0,0,0,0,1
Ã‡alÄ±ÅŸanlar gerÃ§ekten burnundan kÄ±l aldÄ±rmÄ±yor.,0,0,0,0,1
Manzara konum Ã§ok Ã§ok gÃ¼zel.,1,0,0,1,0
BoÄŸazda balÄ±k iÃ§in Ä°stanbul'daki belli baÅŸlÄ± yerlerden olmasÄ±na raÄŸmen bÃ¶yle bir manzara iÃ§in lezzet biraz daha arttiralabilinir diye dÃ¼ÅŸÃ¼nÃ¼yorum.,1,1,0,0,0
"Fiyatlar yÃ¼ksek ama gerÃ§ek boÄŸazda balÄ±ÄŸÄ±n bedeli var, ambians ve konum dolayÄ±sÄ± ile fiyatlara laf sÃ¶ylemek doÄŸru deÄŸil.",1,0,1,1,0
BoÄŸazda balÄ±klÄ± romantik akÅŸam yemeÄŸi iÃ§in ...,1,0,0,0,0
Once kirk saat istegimiz soslari bekledik cunku tum soslar baskalari tarafindan kullaniliyordu.,0,0,0,0,1
Yemege gelince ise tatsiz tutsuz bir yemekti begenmedik.,0,1,0,0,0
Yemek bitince hadi kalkin tavirlarina girildi.,0,0,0,0,1
Ozetle uzatmadan musteriye yoluncak kaz gozuyle bakilmaktadir.,0,0,0,0,1
Lakin bir kez soÄŸuk gelen Ã§orbayÄ± garsona sÃ¶ylediÄŸimde hiÃ§ oralÄ± olmadÄ±.,0,0,0,0,1
Bence orada en leziz olan lavaÅŸ.,0,1,0,0,0
lavaÅŸ yediriyor gibi.,0,1,0,0,0
DÃ¶neri Ã§ok beni sarmadÄ±.,0,1,0,0,0
En Ã¶nemli Ã¶zelliÄŸi olan dÃ¶neri hariÃ§ geri kalan her ÅŸey iyiydi.,0,1,0,0,0
"Yemek Ã¶ncesi ikramlar, garsonlarÄ±n ilgisi ve servis hÄ±zÄ± gÃ¼zeldi.",0,0,0,0,1
Ama dÃ¶neri methedildiÄŸi kadar deÄŸilmiÅŸ.,0,1,0,0,0
"ManzarasÄ± sÃ¼per, zaten sÃ¼per olan baÅŸka birÅŸeyde yok.",1,0,0,0,0
DiÄŸer lezzetlerin tamamÄ± standart.,0,1,0,0,0
Bu lezzetlere gÃ¶re uygÄ±lanan fiyatlarda pahalÄ± bence.,0,0,1,0,0
Manzara parasÄ± eklenmiÅŸ yiyeceklerin Ã¼zerine,0,0,1,0,0
"TÃ¼nel'de ev yemeÄŸi yemek iÃ§in gÃ¼zel bir alternatif ve lezzetli olsa da rahatlÄ±k aÃ§Ä±sÄ±ndan bana iyi bir hissiyat vermemiÅŸti, hemen yemek yiyip kalkmalÄ±k mekanlardan Ã§Ã¼nkÃ¼ masa sayÄ±sÄ± Ã§ok az ve masanÄ± yÃ¼ksek ihtimalle baÅŸkalarÄ±yla paylaÅŸÄ±yorsun.",1,1,0,0,0
Zeytinyagli yemekleri cok basarili ve her yerde olan klasik yemekler yerine farkli tatlar var.,0,1,0,0,0
Oldukca da bol kepceden hizmet veriyorlar ve 5cesit zeytinyagli icin 13-14tl oduyorsunuz.,0,0,1,0,0
"ogle yemeklerinde hele de yazin favori yerlerimden,ama maalesef ufak bir mekan oldugu icin yer bulmak zor olabiliyor ama birazcik beklerseniz imkansiz degil",0,1,0,0,1
ManzarasÄ± sÃ¼per.,1,0,0,0,0
GerÃ§ekten Ã§ok gÃ¼zel bir konumda yer alÄ±yor.,0,0,0,1,0
Servisi hÄ±zlÄ±.,0,0,0,0,1
KÃ¶fteleri de lezzetli.,0,1,0,0,0
Taksimin kalabalik dar sokaklarindan kucucuk bir kapidan girip ulastiginiz yemyesil bir bahce adeta kucuk bir supriz :,1,0,0,0,0
) biz burayi cok sevdik cok romantik cok tatli.,1,0,0,0,0
Tek kusuru masalar biraz yakin birbirine.,1,0,0,0,0
Kirmizi limonata ve limon vitamin tercih ettik ve ikisine de bayildik.,0,1,0,0,0
Manzarasi mukkemmel denize sifir olmasi sebebiyle.,1,0,0,0,0
Bahcesi huzurlu.,1,0,0,0,0
Ä°cerisi icin ayni seyi soyleyemiycm temiz bulmuyorum.,1,0,0,0,0
Self servis olayi sÄ±kÄ±cÄ±.,0,0,0,0,1
Bir yandan iyi pesinizde dolanan garsonlar yok.,0,0,0,0,1
Girip hava almak icin oturabilceginiz br yer.,1,0,0,0,0
"Ã‡ok kalabalÄ±k olduÄŸundan pek sohbete uygun deÄŸil, ancak mekan gayet gÃ¼zel, iÃ§ kÄ±sÄ±m Ã§ok gÃ¼zel kokuyor.",1,0,0,0,0
Ama kalabalÄ±k ve gÃ¼rÃ¼ltÃ¼den dolayÄ± Ã§ok fazla duramadÄ±k.,1,0,0,0,0
Ilk kez yiyen iÃ§in mÃ¼kemmel ama ilk aÃ§ildigindaki lezzeti kaybetti.,0,1,0,0,0
En iyi konumlu Ã¶gretmenevi!,0,0,0,1,0
"Toplamda 4 salon ve bir kafeteryadan olusan tesiste uygun fiyat hizmet almak ve 4 ayri salonda dÃ¼gÃ¼n, nisan, okul yemegi, toplanti gibi organizasyonlar gerÃ§eklestirmek mÃ¼mkÃ¼n.",0,0,1,0,0
Kafeteryasinin self servis olmasi bir eksi gibi gÃ¶rÃ¼nse de Bogaz'daki Ã§ay keyfi tartisilmaz!,1,0,0,0,1
"Tamam yemekler guzel de, pilav da kurufasulye de soguk!",0,1,0,0,0
"Cok kalabalik oldugu icin servis de aksiyor tabii, calisanlar bikkin.",0,0,0,0,1
Hani sizi keyifli sohbet ortamlari ile bÃ¼tÃ¼nlestiren ve ardindan damakta biraktigi Lezzet ile mÃ¼davimi yapan yerler vardir!,1,1,0,0,0
Pazar kahvaltilari benim IÃ§in mabeyin'dir.,0,1,0,0,0
Namini duyup gittigim yerlerden ama mezeler gelince ortada nam falan kalmadi malesef.,0,1,0,0,0
Ayrica sacma sapan hesapta gelip sonrasinda bahsisle calisan valenin para diye tutturmasida cabasi.,0,0,1,0,1
"Bize mi denk geldi bilmiyorum ama, uzun zamandÄ±r yediÄŸim en kÃ¶tÃ¼ yemeÄŸi burada yedim, Ã¼stÃ¼ne servis de Ã§ok Ã§ok kÃ¶tÃ¼ydÃ¼.",0,1,0,0,1
"Birbirinin kopyasÄ± olan, standart kafe yemekleriyle mÃ¼ÅŸteri kazÄ±klamaya Ã§alÄ±ÅŸan tipik yerlerden biri.",0,0,1,0,0
HisarÃ¼stÃ¼ne Ã§ok yakÄ±ÅŸan bir bar olmuÅŸ iÃ§ dizaynÄ±nÄ± Ã§ok gÃ¼zel yapmÄ±ÅŸlar ama kÄ±ÅŸ aylarÄ±nda biraz soÄŸuk olma problemi var :,1,0,0,0,0
( 4 tarafÄ± cam olduÄŸu iÃ§in yeterince Ä±sÄ±tamÄ±yorlar.,1,0,0,0,0
Hamburgerini pek beÄŸenmedim ama diÄŸer yemekleri lezzetli olabilir belki.,0,1,0,0,0
SÃ¼rekli kalabalÄ±k olan bir mekan.,1,0,0,0,0
) ben karamel aramalÄ± Ã§ayÄ± Ã§ok sevdim adÄ±nÄ± hatÄ±rlamasamda siz iÃ§inde karamel var dediÄŸinizde tek gelicek o olucaktÄ±r:,0,1,0,0,0
)) mekan inanÄ±lmaz keyifli iÃ§erdeki koltuklardan kalkmak istemiyor insan:,1,0,0,0,0
KÃ¼Ã§Ã¼k ÅŸirin bir konsepte sahip.,1,0,0,0,0
Pizza Fagotto favori lezzetim ve daha iyisini yiyene kadar benim iÃ§in en iyi pizza bu.,0,1,0,0,0
Yakinlarda gittim servis berbat.,0,0,0,0,1
"Fiyat yÃ¼ksek, kart geÃ§miyor...",0,0,1,0,0
Yine de sorbe dondurmasi gÃ¼zeldir.,0,1,0,0,0
KÄ±sÄ±klÄ±'ya yakÄ±n olan mekanÄ±n Åatobiryan isimli etini deneyin.,0,1,0,0,0
Bir de mantar Ã§anaklarÄ± denenebilir.,0,1,0,0,0
"Harika manzara, gÃ¼zel lezzetler - Manzarasi ve yiyecekleri son derece gÃ¼zel, her Ã§esit yiyecek mevcut ve son derece lezzetli fiyatlari ise Ã§ok Ã§ok uygun.",1,1,1,0,0
Ã‡ok kalabalik olusu ve yer bulamamak sikinti olsa da gidilmesi gereken yerlerden biri.,1,0,0,0,0
Hisarustu'ndeki en genis mekan olmasina ragmen ferah bir yer degil.,1,0,0,0,0
"Kalabalik gruplar icin uygun, bu acidan buyuk avantaj sagliyor.",1,0,0,0,0
Yazin camekan olmasi hos ancak kisin donmustuk.,1,0,0,0,0
Ilk kez kÄ±s gecirmesinden midir bilmem ama su da akiyordu tepemizden.,1,0,0,0,0
"Kendi biralarindan denenmeli, guzel biralar vardi.",0,1,0,0,0
"Keyifli bir ortam ve cok da kalabalik degildi, tavsiye edilir",1,0,0,0,0
"Alkol Ã§eÅŸitliliÄŸi, yemekleri, dekorasyonu, barmeni, mÃ¼ÅŸteri profili olarak benim iÃ§in KadÄ±kÃ¶y'dekl en iyi mekandÄ±r.",1,1,0,0,1
"Ã‡alÄ±ÅŸanlarÄ±n, iÅŸletmecinin hatta sahibinin misafirperverliÄŸi ve samimiyetini baÅŸka bir mekanda bulabileceÄŸinizi sanmÄ±yorum.",0,0,0,0,1
Hafta sonu kahvaltÄ±sÄ± iÃ§in de gÃ¶nÃ¼l rahatlÄ±ÄŸÄ±yla tercih edebileceÄŸiniz bir mekan,0,1,0,0,0
Ramazan ayÄ±nda gitme fÄ±rsatÄ± buldum yeÅŸillik iÃ§inde hoÅŸ ve dÃ¼zgÃ¼n bir mekan.,1,0,0,0,0
Ä°ftar Ã¶ncesi ve sonrasÄ±nda gÃ¼zel mÃ¼zik ziyafeti sundular.,1,0,0,0,0
Esas konumuz olan yemeklere gelince Ã§ok pozitif olamaycaÄŸÄ±m.,0,1,0,0,0
ben aynÄ± fiyatlara Ã§ok daha lezzetli yemekler yiyorum bu ÅŸehirde.,0,1,0,0,0
"KÄ±z kulesi karÅŸÄ±sÄ±nda eÅŸÅŸsiz bir manzara , meÅŸhur olduktan sonra tabiki her yer gibi lezzet kalitesi dÃ¼ÅŸÃ¼yor.",1,1,0,0,0
"Telefonla aradÄ±ÄŸÄ±mda rezervasyon alamÄ±yoruz deyip, oraya gittiÄŸimde istediÄŸim masaya ""orasÄ± rezerve beyefendi"" diyerek oturtmayan, insanlarÄ± gÃ¶rÃ¼nÃ¼ÅŸÃ¼ne gÃ¶re aÃ§Ä±kÃ§a tersleyen ukala ve sevimsiz garsonlara sahip.",0,0,0,0,1
Big Chefs isminin verdiÄŸi gÃ¼ven ve muhitinde rakibi olmamasÄ± yÃ¼zÃ¼nden sÃ¼rekli dolu olabilir ama bÃ¶yle giderlerse Ã§ok mÃ¼ÅŸteri kaybederler.,0,0,0,0,1
Hamburgerlerini seviyordum ama son deneyimim beni mutlu etmedi.,0,1,0,0,0
"Servisi bazen iyi, bazen kÃ¶tÃ¼.",0,0,0,0,1
Mekan tasarÄ±mÄ± iyi.,1,0,0,0,0
Ikisi de birbirinden lezzetli.,0,1,0,0,0
Hatta sanirim hayatimda yedigim en lezzetli Tavuk GÃ¶gsÃ¼'nÃ¼ yedim.,0,1,0,0,0
) Bu arada hizli servis iÃ§in tesekkÃ¼r ediyoruz.,0,0,0,0,1
Tatli krizi ancak bÃ¶yle sahane bastirilabilirdi.,0,1,0,0,0
mekan emniyet mah cafe ve restorant olmak sartiyla iki bÃ¶lÃ¼mden olusuyor her ikisinide denedim gayet genel itibari ile gÃ¼zel bir mekan kuzu bonfilesi gÃ¼zeldi ilgi normaldi Ã§ok kalabalik bir mekan iÃ§ecekler genel olarak gÃ¼zeldi giriste mini sarkÃ¼teride alisverise isik tutuyor gÃ¼zeldi fiyatlar birazcik fazla,0,1,1,0,1
gerÃ§ekten bir Ã¶zelligi olmayan Ã§esidi bol konumu itibari ile talep gÃ¶ren Ã§ok sikisik havasiz normal bir mekan fiyatlar hayli yÃ¼ksek sÃ¼per bir Ã¶zelligi olan bir yemegi varsa sÃ¶yleyin arkadaslar,1,0,1,1,0
Servisi ve yemekleri bu kadar kÃ¶tÃ¼ restorant bulmak istanbulda zor olsa gerek.,0,1,0,0,1
"Yenmeyecek kadar kÃ¶tÃ¼ kebaplari, ukala garsonu ve en lÃ¼ks restoranda Ã¶deyecegini alkollÃ¼ yemek fiyatiyla karsilasirsiniz.",0,1,1,0,1
Herseyi birakin manzarasi yeter zaten.,1,0,0,0,0
Denize sifir hatta oyle ki gecen gemilerden dolayi olusan dalgalar sizi islatir mi acaba diye bir korkuya kapiliyorsunuz ;) kahve ic manzarayi yani bogazi seyret yetti de artti bile.,1,0,0,0,0
Sadece manzarasÄ± baÅŸka bence artÄ± deÄŸeri yok.,1,0,0,0,0
O da eÄŸer yer bulabilirseniz.,0,0,0,0,1
Ã‡alÄ±ÅŸanlarÄ± Ã§ok kaba.,0,0,0,0,1
Sizi saatlerce sÄ±rada bekletip Ã¶nÃ¼nÃ¼ze baÅŸkalarÄ±nÄ± alabiliyor.,0,0,0,0,1
Passion fruit'lu dondurmasÄ± ve iÃ§eceÄŸini beÄŸendim.,0,1,0,0,0
AÅŸÅŸk-Ä± Memnu vasat bir tada sahip bence.,0,1,0,0,0
Fena deÄŸil ama menemen iÃ§in fiyat yÃ¼ksek.,0,1,1,0,0
Tam anlamiyla harika bir mekan ic mekan konseptiyle tam kis mevsimine uygun ozellikle kisin kahvalti icin guzel bir mekan ariyorsaniz buraya bi ugrayin derim,1,0,0,0,0
Ã–zellikle gÃ¼zel bir havada gidiyorsanÄ±z deniz kÄ±yÄ±sÄ±ndaki masalarÄ±nda oturmak iÃ§in epey bi sÄ±ra bekleyebilirsiniz.,0,0,0,0,1
"Mekan kÃ¼Ã§Ã¼k ama ÅŸirin, aÅŸk-Ä± memnu'yu daha Ã¶nce hiÃ§ bitiremedim ama gerÃ§ekten Ã§ok gÃ¼zel bir tadÄ± var.",1,1,0,0,0
"Servis sÄ±kÄ±ntÄ±lÄ±ydÄ±, sevemedim.",0,0,0,0,1
AyrÄ±ca bahsettiÄŸim meÅŸhur tatlÄ± 21 tl,0,0,1,0,0
AslÄ±nda doymuÅŸtuk ama gÃ¶zÃ¼mÃ¼zÃ¼n aÃ§lÄ±ÄŸÄ±ndan patatesli mantÄ±sÄ±nÄ± da denedik gayet iyiydi ama ekstra bir Ã¶zelliÄŸi yoktu.,0,1,0,0,0
Ä°Ã§erisi biraz yemek kokuyordu ve Ã§alÄ±ÅŸanlarÄ±nda gereksiz bir negatif enerji vardÄ±.,1,0,0,0,1
Fiyatlar gayet uygun.,0,0,1,0,0
Menemeni gÃ¼zel denebilir.,0,1,0,0,0
Bu kadar popÃ¼lersin o kÃ¶tÃ¼ durumdaki mekanÄ± tadilattan geÃ§irmek Ã§ok mu zor.,1,0,0,0,0
AdÄ±yla meÅŸhur menemen yiyeyim dedim domates kabuÄŸu ayÄ±klamaktan hiÃ§bir ÅŸey anlamadÄ±m.,0,1,0,0,0
Sucuklu yumurtasÄ±nda da sucuklar fazla piÅŸmiÅŸti.,0,1,0,0,0
GarsonlarÄ±ndan aÅŸÃ§Ä±larÄ±na kadar Ã§ok iyiler burada yediÄŸiniz yemekler ve tabaklarÄ±n taklidi bulabilirsiniz ama bu tadÄ± baÅŸka yerde bulamazsÄ±nÄ±z kardeÅŸler keep calm and eat from Happy Moons,0,1,0,0,1
"AdÄ± Ã¼zerinde ""menemeni"" ile Ã¼nlÃ¼, sÄ±cak, samimi, esnaf restoranÄ±.",1,0,0,0,0
"Menemeni leziz, balÄ± enfes ama Ã§ayÄ± iÃ§in olumlu bir yorum yapamayacaÄŸÄ±m.",0,1,0,0,0
KarÅŸÄ±sÄ±nda da lokantasÄ± bulunuyor ama ben size derim ki gidin menemen ve bal kaymakla gÃ¼zel bir kahvaltÄ± yapÄ±n.,0,1,0,0,0
"Fiyatlar da gayet uygun, ortalamanÄ±n altÄ±nda.",0,0,1,0,0
Ã‡alÄ±ÅŸanlar Ã§ok kÃ¶tÃ¼.,0,0,0,0,1
Lezzet sÄ±fÄ±r.,0,1,0,0,0
OlduÄŸu sokaktaki siz masada yemek yerken ki yanÄ±nÄ±za yapÄ±ÅŸanlarla da mÃ¼cedele edemesi cabasÄ±.,0,0,0,1,0
Kis aylarinda tercih sebebi - Ã–zellikle kisin bu kÃ¼tÃ¼k evde sahlep iÃ§mek oldukÃ§a gÃ¼zeldir.,1,0,0,0,0
Aparatifleri de aÃ§liginizi yaristirmak iÃ§in birebirdir.,0,1,0,0,0
Kuru fasÃ¼lye iÃ§in tercih etmek gerek diye dÃ¼sÃ¼nÃ¼lsede tereyagli pilavi Ã§ok daha dogal.,0,1,0,0,0
Kuru hakikaten lezzetli ama iÃ§indeki yagin margarin oldugunu hissediyorum.,0,1,0,0,0
((( hayal kirikligi - Uzunlar'a ilk gittigimdeki tadi ikinci gidisimde bulamadim...,0,1,0,0,0
Ilk gittigimde Ã§ok lezzetli gelen dÃ¼rÃ¼m 2. gidisimde tam bir fiyaskoydu Ã§ok yagli oldugundan yiyemedik arkadaslarla aÃ§ kaldik resmen :,0,1,0,0,0
Seyir terasi - Istanbul'u seyretmenin en Ã§ok keyif verdigi yerlerden biridir.,1,0,0,0,0
Manzarasi sakinlestirir ve huzur verir.,1,0,0,0,0
Personel ilgilidir.,0,0,0,0,1
"Lezzetli yemekler, rahat ortam ve uygun fiyatlar.",1,1,1,0,0
Tek sorunu ulaÅŸÄ±mÄ± birazcÄ±k sÄ±kÄ±ntÄ±lÄ±.,0,0,0,1,0
Ã–zel aracÄ±mÄ±zla nereden gireceÄŸimizi pek kestiremedik ancak 10 dakikalÄ±k bir Ã§aba sonununda mekana ulaÅŸtÄ±k.,0,0,0,1,0
YemeÄŸin ardÄ±ndan cafe ortamÄ±na devam edebilirsiniz.,1,0,0,0,0
Manzaradan kurtaran bir mekan.,1,0,0,0,0
Kofteleri de cok cok mukemmel degil.,0,1,0,0,0
Guler yuz yok.,0,0,0,0,1
Gurultulu ve aksam saatlerinde oldukca kalabalik oluyor.,1,0,0,0,0
OturduÄŸunuz sÃ¼rece sÃ¼rekli patlamÄ±ÅŸ mÄ±sÄ±r getiriyorlar.,0,0,0,0,1
AyrÄ±ca en son Premier League maÃ§larÄ±nÄ± da veriyorlardÄ±.,0,0,0,0,1
"Kuru fasulyenin lezzetine diyecek sÃ¶z yok, fiyatlar da makul sayÄ±lÄ±r ancak mekan dÃ¼ÄŸÃ¼n salonundan bozma.",1,1,1,0,0
En nihayetinde kuru fasulyeci ancak ortam daha zevkli hale getirilebilir.,1,0,0,0,0
"Mekanin konumu Ã§ok muhtesem konsept, hizmet ve Ã¼rÃ¼nler vasat.",0,1,0,1,1
- Anadolu hisarinda bir tarafi GÃ¶ksu Deresi diger tarafi Istanbul Bogazinin akip giden masmavi sulari ama hepsi bu kadar.,0,0,0,1,0
Ama bu mekan iyi bir isletmeci ile sÃ¶yle iyi bir sekilde elden geÃ§se Ã§ok iyi isler Ã§ikar buradan...,0,0,0,0,1
Konum olarak aslinda Ã§ok gÃ¼zel bir yerde.,0,0,0,1,0
Belki mekanin Ã¼st kisminda otursaydik bÃ¼yÃ¼k bir ihtimal manzarada vardir ama biz maalesef otoparkta oturdugumuz iÃ§in arabadan ve agaÃ§tan bir sey gÃ¶remedik.,1,0,0,0,0
Sanirim ramazana Ã¶zel bir uygulamaydi bu otoparkta masa.,1,0,0,0,0
Eger gidecekseniz Ã¶zellikle mekanin Ã¼st katlarinda olmasini isteyin.,1,0,0,0,0
Lezzet konusunda da aman aman bir lezzeti yoktu.,0,1,0,0,0
Manzarasi iÃ§in giderim diyorsaniz denenebilir.,1,0,0,0,0
"IÃ§i gayet sikici, kredi karti geÃ§erli olmayan, Ã§orbayi kase yerine dÃ¼z tabakta servis eden, personeli asik suratli, etlerin sadece bir parÃ§a olarak geldigi ve neden bu kadar meshur oldugunu anlayamadigim gereksiz bir yer.",1,0,0,0,1
"Son derece kotu servis, anlatilamayacak kadar hizmet sekorunden uzak, baska bir dunyada personel.",0,0,0,0,1
Bir kebapci icin olmazsa olmaz olan iyi servis ve guleryuzlu ilgili personeli burda hayal bile etmeyin.,0,0,0,0,1
"Servis de personel de koca bir ""0""",0,0,0,0,1
servis yavastu .,0,0,0,0,1
garson a nie yavas oldugunu sordugumda 500 kisi var normaldir cvbini aldim.,0,0,0,0,1
"normal - Pizzalari yeterince ince ama spesifik bir tadi eksik,mekan olarakta cok ozel olmadigindan gidilmesine gerek olmayan bir yer kanimca.",1,1,0,0,0
Cok kaba saba garsonlari ve hizmeti olan dandik bir mekan.,0,0,0,0,1
"Manzarasi disinda tirt, sunumu da berbat gercekten.",1,0,0,0,1
Tatli yemek istedik kalkin baska yere oturun dedi terbiyesizler.,0,0,0,0,1
Ä°stanbulun en iyi dÃ¶nerini yapÄ±yorlar.,0,1,0,0,0
Ancak servis harika 250 kiÅŸilik dÃ¼kkanda herkese yetiÅŸiyorlar.,0,0,0,0,1
"DÃ¶nerin yanÄ±ndaki patates, salata bile sÃ¼per.",0,1,0,0,0
HavuÃ§ dilimi tatlÄ± da denenebilir.,0,1,0,0,0
"Mekan Ã§ok gÃ¼zel, menÃ¼de 10larca seÃ§enek var ama malesef yemekler lezzetli deÄŸil.",1,1,0,0,0
TÃ¼m puanÄ± mekan hakediyor.,1,0,0,0,0
Kahve iÃ§mek isterseniz gÃ¼zel bir tercih ama yemek yemek iÃ§in aynÄ± ÅŸeyi sÃ¶yleyemeyeceÄŸim,0,1,0,0,0
Ortam olarak baya kÃ¼Ã§Ã¼k bir dÃ¼kkÃ¢n ve ortakÃ¶ye uygun.,1,0,0,0,0
Domates sosu malesef Ã§ok zayif kaldi ve pizzanin seviyesini dÃ¼ÅŸÃ¼rÃ¼yor.,0,1,0,0,0
Fiyatlar orta ile yÃ¼ksek arasi.,0,0,1,0,0
"Kendi biralarÄ±nÄ± Ã§oÄŸunluÄŸun aksine pek beÄŸenmedim, hatta ilk defa bir birayÄ± bitiremedim.",0,1,0,0,0
"Biraz boÄŸucu bir mekan, haftasonlari Ã¶zellikle Ã§ok kalabalÄ±k oluyor.",1,0,0,0,0
KalabalÄ±ÄŸÄ±n iÃ§inde hiÃ§ beklenmeyecek kadar ferah ve gÃ¼zel bir mekan.,1,0,0,0,0
Yemekleri de Ã§eÅŸit konusunda Ã§ok zengin deÄŸil ama lezzetli.,0,1,0,0,0
"Denediklerimizden, Tavuk Schnitzel mÃ¼kemmel, Tavuklu Wrap harikaydÄ±!",0,1,0,0,0
Bir de Ã§eÅŸitli homemade ice tea ve limonatalarÄ± gerÃ§ekten baÅŸarÄ±lÄ± :,0,1,0,0,0
Etleri mezeleri basarili ama porsiyonlar inanilmaz buyuk.,0,1,0,0,0
3 gidip 2 kisilik getirin derseniz yiyecekler bu sekilde geliyor ama kisi basina 70tl yaziyorlar cok sacma olmus,0,0,1,0,0
"Benim tavsiyem vanilya aromalÄ± bourban vanilla, tatlÄ± ihtiyacÄ±nÄ±z iÃ§inse damla sakÄ±zlÄ± mastika keki.",0,1,0,0,0
"Hizmet, ilgi alaka herÅŸey ÅŸahane!",0,0,0,0,1
iyi ki gittim de yedim dediÄŸim bir ÅŸey yok.,0,1,0,0,0
oturma yeri de Ã§ok yok.,1,0,0,0,0
Manzara severlere...,1,0,0,0,0
"- O manzaraya bu yemekler, bu servis olmamis :",1,1,0,0,1
"(( Ãœstelik fiyatlarda, yemeklerine nazaran uygun degil.",0,1,1,0,0
Yemekleri iÃ§in giderseniz memnuniyetsiz ayrilabilirsiniz; ama manzara seviyorsaniz kesin gidilmeli.,1,1,0,0,0
"English pub tarzÄ±nda dekorasyona sahip, bira Ã§eÅŸitliliÄŸi fazla olan tarz bir mekan.",1,0,0,0,0
"Yemek olarak schinitzel ve burger denedik, biranÄ±n yanÄ±nda iyi gitti.",0,1,0,0,0
KÄ±ÅŸ aylarÄ±nda iÃ§eride oturmanÄ±zÄ± Ã¶neririm dekorasyon ve ortam keyif veriyor...,1,0,0,0,0
Dekorasyonu renkleri cok sicak ve sevimli.,1,0,0,0,0
Ev yemeÄŸi yemek isteyenler iÃ§in ideal bur mekan tek bir ÅŸartla ne yiyecegini bilmen lazÄ±m Ã§Ã¼nkÃ¼ hersey cok lezzetli degil.,0,1,0,0,0
"Servis yavas, Ã§alÄ±ÅŸanlarÄ±n birbirleriyle diyaloglarÄ±ni da pek sevmedim.",0,0,0,0,1
Mekan kalabalÄ±k olduÄŸunda stres kontrolu diye biÅŸey kalmiyor sanirim.,0,0,0,0,1
Ä°stanbul ÅŸubesi Ã§okta gÃ¼zel deÄŸil Ã§aldÄ±klarÄ± mÃ¼zikler hard rock'tan Ã§ok popÃ¼ler olmuÅŸ.,1,0,0,0,0
Arka bahÃ§esi tÃ¼m yorgunluÄŸunu alÄ±yor insanÄ±n.,1,0,0,0,0
Masa yerlesimleri pek guzel degil oturma duzeni olmamis.,1,0,0,0,0
Yer bulmak da zor oluyor.,0,0,0,0,1
Cok cesitli caylar var ancak fiyatlari biraz yuksek.,0,0,1,0,0
Ä°ngiliz cayi istedigimde sut getirmediler gerekce olarak da kotu oldugunh soylediler garson tersledi hatta,0,0,0,0,1
KurufasÃ¼lye ne kadar deÄŸiÅŸik olabilir demeyin Bizce Kuru'da yediÄŸim kurufasulyeden gelen hafif ÅŸekerli tat beni kendine hayran bÄ±raktÄ± resmen.,0,1,0,0,0
TereyaÄŸlÄ± pilavlarÄ± ve tava yoÄŸurdu da Ã§ok baÅŸarÄ±lÄ±.,0,1,0,0,0
Ãœzerine bal ve fÄ±ndÄ±k dÃ¶kÃ¼lmÃ¼ÅŸ sÃ¼tlaÃ§larÄ± Ã§ok cezbedici gÃ¶zÃ¼kse de sÃ¼tlaÃ§ tadÄ±nÄ± alamadÄ±m daha Ã§ok muhallebi gibiydi.,0,1,0,0,0
AyrÄ±ca hergun Ã§Ä±kardÄ±klarÄ± farklÄ± zeytinyaÄŸlÄ± yemekleri de Ã§ok baÅŸarÄ±lÄ±.,0,1,0,0,0
Fiyatlar ortalamanÄ±n biraz ustunde malesef.,0,0,1,0,0
